;fixed acidity;volatile acidity;citric acid;residual sugar;chlorides;free sulfur dioxide;total sulfur dioxide;density;pH;sulphates;alcohol;quality
1291;8.2;0.635;0.1;2.1;0.073;25.0;60.0;0.9963799999999999;3.29;0.75;10.9;good
1294;8.2;0.635;0.1;2.1;0.073;25.0;60.0;0.9963799999999999;3.29;0.75;10.9;good
858;11.7;0.28;0.47;1.7;0.054000000000000006;17.0;32.0;0.9968600000000001;3.15;0.67;10.6;excellent
119;7.0;0.69;0.08;1.8;0.09699999999999999;22.0;89.0;0.9959;3.34;0.54;9.2;good
1040;7.4;0.965;0.0;2.2;0.08800000000000001;16.0;32.0;0.99756;3.58;0.67;10.2;good
446;12.5;0.38;0.6;2.6;0.081;31.0;72.0;0.9996;3.1;0.73;10.5;good
631;10.4;0.28;0.54;2.7;0.105;5.0;19.0;0.9988;3.25;0.63;9.5;good
786;9.9;0.35;0.41;2.3;0.083;11.0;61.0;0.9982;3.21;0.5;9.5;good
952;8.2;0.31;0.4;2.2;0.057999999999999996;6.0;10.0;0.99536;3.31;0.68;11.2;excellent
39;7.3;0.45;0.36;5.9;0.07400000000000001;12.0;87.0;0.9978;3.33;0.83;10.5;good
1186;6.6;0.8;0.03;7.8;0.079;6.0;12.0;0.9963;3.52;0.5;12.2;good
552;9.5;0.46;0.24;2.7;0.092;14.0;44.0;0.998;3.12;0.74;10.0;good
717;7.6;0.46;0.11;2.6;0.079;12.0;49.0;0.9968;3.21;0.57;10.0;good
1107;9.1;0.3;0.41;2.0;0.068;10.0;24.0;0.99523;3.27;0.85;11.7;excellent
832;10.4;0.44;0.42;1.5;0.145;34.0;48.0;0.9983200000000001;3.38;0.86;9.9;poor
846;6.4;0.64;0.21;1.8;0.081;14.0;31.0;0.9968899999999999;3.59;0.66;9.8;good
628;8.7;0.54;0.26;2.5;0.09699999999999999;7.0;31.0;0.9976;3.27;0.6;9.3;good
855;7.6;0.735;0.02;2.5;0.071;10.0;14.0;0.9953799999999999;3.51;0.71;11.7;excellent
97;7.0;0.5;0.25;2.0;0.07;3.0;22.0;0.9963;3.25;0.63;9.2;good
915;8.6;0.315;0.4;2.2;0.079;3.0;6.0;0.9951200000000001;3.27;0.67;11.9;good
1104;8.0;0.48;0.34;2.2;0.073;16.0;25.0;0.9936;3.28;0.66;12.4;good
872;7.3;0.35;0.24;2.0;0.067;28.0;48.0;0.9957600000000001;3.43;0.54;10.0;poor
213;8.2;0.57;0.26;2.2;0.06;28.0;65.0;0.9959;3.3;0.43;10.1;good
441;11.9;0.4;0.65;2.15;0.068;7.0;27.0;0.9988;3.06;0.68;11.3;good
1245;7.4;0.55;0.19;1.8;0.08199999999999999;15.0;34.0;0.99655;3.49;0.68;10.5;good
1558;6.9;0.63;0.33;6.7;0.235;66.0;115.0;0.99787;3.22;0.56;9.5;good
247;8.2;0.6;0.17;2.3;0.07200000000000001;11.0;73.0;0.9963;3.2;0.45;9.3;good
671;8.2;0.73;0.21;1.7;0.07400000000000001;5.0;13.0;0.9968;3.2;0.52;9.5;good
882;8.4;0.31;0.29;3.1;0.19399999999999998;14.0;26.0;0.99536;3.22;0.78;12.0;good
790;7.4;0.37;0.43;2.6;0.08199999999999999;18.0;82.0;0.99708;3.33;0.68;9.7;good
1502;7.3;0.585;0.18;2.4;0.078;15.0;60.0;0.9963799999999999;3.31;0.54;9.8;good
945;10.2;0.44;0.42;2.0;0.071;7.0;20.0;0.99566;3.14;0.79;11.1;excellent
701;7.0;0.65;0.02;2.1;0.066;8.0;25.0;0.9972;3.47;0.67;9.5;good
849;6.4;0.63;0.21;1.6;0.08;12.0;32.0;0.9968899999999999;3.58;0.66;9.8;good
1515;6.9;0.84;0.21;4.1;0.07400000000000001;16.0;65.0;0.9984200000000001;3.53;0.72;9.25;good
563;7.6;0.29;0.49;2.7;0.092;25.0;60.0;0.9971;3.31;0.61;10.1;good
113;10.1;0.31;0.44;2.3;0.08;22.0;46.0;0.9988;3.32;0.67;9.7;good
538;12.9;0.35;0.49;5.8;0.066;5.0;35.0;1.0014;3.2;0.66;12.0;excellent
989;9.7;0.295;0.4;1.5;0.073;14.0;21.0;0.99556;3.14;0.51;10.9;good
831;5.9;0.61;0.08;2.1;0.071;16.0;24.0;0.9937600000000001;3.56;0.77;11.1;good
1298;5.7;0.6;0.0;1.4;0.063;11.0;18.0;0.9919100000000001;3.45;0.56;12.2;good
368;10.3;0.34;0.52;2.8;0.159;15.0;75.0;0.9998;3.18;0.64;9.4;good
38;5.7;1.13;0.09;1.5;0.172;7.0;19.0;0.9940000000000001;3.5;0.48;9.8;poor
1236;7.8;0.55;0.0;1.7;0.07;7.0;17.0;0.99659;3.26;0.64;9.4;good
780;7.0;0.57;0.0;2.0;0.19;12.0;45.0;0.9967600000000001;3.31;0.6;9.4;good
311;7.9;0.53;0.24;2.0;0.07200000000000001;15.0;105.0;0.996;3.27;0.54;9.4;good
653;9.4;0.33;0.59;2.8;0.079;9.0;30.0;0.9976;3.12;0.54;12.0;good
1255;6.1;0.64;0.02;2.4;0.069;26.0;46.0;0.9935799999999999;3.47;0.45;11.0;good
1481;8.2;0.28;0.6;3.0;0.10400000000000001;10.0;22.0;0.99828;3.39;0.68;10.6;good
929;8.7;0.33;0.38;3.3;0.063;10.0;19.0;0.9946799999999999;3.3;0.73;12.0;excellent
1406;8.2;0.24;0.34;5.1;0.062;8.0;22.0;0.9974;3.22;0.94;10.9;good
1437;6.8;0.915;0.29;4.8;0.07;15.0;39.0;0.99577;3.53;0.54;11.1;good
606;9.4;0.41;0.48;4.6;0.07200000000000001;10.0;20.0;0.9973;3.34;0.79;12.2;excellent
598;8.5;0.585;0.18;2.1;0.078;5.0;30.0;0.9967;3.2;0.48;9.8;good
767;7.5;0.6;0.32;2.7;0.10300000000000001;13.0;98.0;0.9993799999999999;3.45;0.62;9.5;good
35;7.8;0.645;0.0;5.5;0.086;5.0;18.0;0.9986;3.4;0.55;9.6;good
750;8.3;0.65;0.1;2.9;0.08900000000000001;17.0;40.0;0.99803;3.29;0.55;9.5;good
1242;9.0;0.4;0.41;2.0;0.057999999999999996;15.0;40.0;0.9941399999999999;3.22;0.6;12.2;good
624;6.8;0.69;0.0;5.6;0.124;21.0;58.0;0.9997;3.46;0.72;10.2;good
610;8.8;0.24;0.54;2.5;0.083;25.0;57.0;0.9983;3.39;0.54;9.2;good
1033;7.5;0.57;0.08;2.6;0.08900000000000001;14.0;27.0;0.99592;3.3;0.59;10.4;good
90;7.9;0.52;0.26;1.9;0.079;42.0;140.0;0.9964;3.23;0.54;9.5;good
303;7.4;0.67;0.12;1.6;0.18600000000000003;5.0;21.0;0.996;3.39;0.54;9.5;good
318;9.8;0.66;0.39;3.2;0.083;21.0;59.0;0.9989;3.37;0.71;11.5;excellent
98;7.6;0.9;0.06;2.5;0.079;5.0;10.0;0.9967;3.39;0.56;9.8;good
0;7.4;0.7;0.0;1.9;0.076;11.0;34.0;0.9978;3.51;0.56;9.4;good
211;8.0;0.725;0.24;2.8;0.083;10.0;62.0;0.99685;3.35;0.56;10.0;good
793;7.7;0.6;0.0;2.6;0.055;7.0;13.0;0.99639;3.38;0.56;10.8;good
92;8.6;0.49;0.29;2.0;0.11;19.0;133.0;0.9972;2.93;1.98;9.8;good
518;10.9;0.21;0.49;2.8;0.08800000000000001;11.0;32.0;0.9972;3.22;0.68;11.7;good
709;9.7;0.31;0.47;1.6;0.062;13.0;33.0;0.9983;3.27;0.66;10.0;good
768;7.1;0.59;0.02;2.3;0.08199999999999999;24.0;94.0;0.99744;3.55;0.53;9.7;good
1432;5.9;0.44;0.0;1.6;0.042;3.0;11.0;0.9944;3.48;0.85;11.7;good
1396;8.7;0.675;0.1;1.6;0.09;4.0;11.0;0.99745;3.31;0.65;9.55;good
500;7.8;0.52;0.25;1.9;0.081;14.0;38.0;0.9984;3.43;0.65;9.0;good
749;7.3;0.51;0.18;2.1;0.07;12.0;28.0;0.9976799999999999;3.52;0.73;9.5;good
1566;6.7;0.16;0.64;2.1;0.059000000000000004;24.0;52.0;0.9949399999999999;3.34;0.71;11.2;good
1456;6.0;0.54;0.06;1.8;0.05;38.0;89.0;0.99236;3.3;0.5;10.55;good
735;7.7;0.965;0.1;2.1;0.11199999999999999;11.0;22.0;0.9963;3.26;0.5;9.5;good
514;10.5;0.51;0.64;2.4;0.107;6.0;15.0;0.9973;3.09;0.66;11.8;excellent
438;10.4;0.41;0.55;3.2;0.076;22.0;54.0;0.9996;3.15;0.89;9.9;good
1288;7.0;0.6;0.3;4.5;0.068;20.0;110.0;0.9991399999999999;3.3;1.17;10.2;good
1097;8.6;0.52;0.38;1.5;0.096;5.0;18.0;0.99666;3.2;0.52;9.4;good
626;8.8;0.6;0.29;2.2;0.098;5.0;15.0;0.9988;3.36;0.49;9.1;good
59;7.3;0.39;0.31;2.4;0.07400000000000001;9.0;46.0;0.9962;3.41;0.54;9.4;good
228;7.7;0.43;0.25;2.6;0.073;29.0;63.0;0.99615;3.37;0.58;10.5;good
1195;6.2;0.43;0.22;1.8;0.078;21.0;56.0;0.9963299999999999;3.52;0.6;9.5;good
1;7.8;0.88;0.0;2.6;0.098;25.0;67.0;0.9968;3.2;0.68;9.8;good
1548;11.2;0.4;0.5;2.0;0.099;19.0;50.0;0.9978299999999999;3.1;0.58;10.4;good
248;7.7;0.53;0.06;1.7;0.07400000000000001;9.0;39.0;0.99615;3.35;0.48;9.8;good
280;11.4;0.26;0.44;3.6;0.071;6.0;19.0;0.9986;3.12;0.82;9.3;good
389;9.6;0.38;0.31;2.5;0.096;16.0;49.0;0.9982;3.19;0.7;10.0;excellent
880;9.2;0.56;0.18;1.6;0.078;10.0;21.0;0.9957600000000001;3.15;0.49;9.9;good
60;8.8;0.4;0.4;2.2;0.079;19.0;52.0;0.998;3.44;0.64;9.2;good
745;7.3;0.51;0.18;2.1;0.07;12.0;28.0;0.9976799999999999;3.52;0.73;9.5;good
25;6.3;0.39;0.16;1.4;0.08;11.0;23.0;0.9955;3.34;0.56;9.3;good
407;12.0;0.39;0.66;3.0;0.09300000000000001;12.0;30.0;0.9996;3.18;0.63;10.8;excellent
1428;7.8;0.64;0.0;1.9;0.07200000000000001;27.0;55.0;0.9962;3.31;0.63;11.0;good
449;11.9;0.39;0.69;2.8;0.095;17.0;35.0;0.9994;3.1;0.61;10.8;good
868;6.8;0.56;0.22;1.8;0.07400000000000001;15.0;24.0;0.9943799999999999;3.4;0.82;11.2;good
337;7.8;0.43;0.32;2.8;0.08;29.0;58.0;0.9974;3.31;0.64;10.3;good
104;7.2;0.49;0.24;2.2;0.07;5.0;36.0;0.996;3.33;0.48;9.4;good
290;8.7;0.52;0.09;2.5;0.091;20.0;49.0;0.9976;3.34;0.86;10.6;excellent
1499;6.9;0.74;0.03;2.3;0.054000000000000006;7.0;16.0;0.99508;3.45;0.63;11.5;good
810;7.3;0.49;0.1;2.6;0.068;4.0;14.0;0.9956200000000001;3.3;0.47;10.5;good
355;6.7;0.75;0.01;2.4;0.078;17.0;32.0;0.9955;3.55;0.61;12.8;good
1219;9.0;0.39;0.4;1.3;0.044000000000000004;25.0;50.0;0.9947799999999999;3.2;0.83;10.9;good
891;7.2;0.66;0.03;2.3;0.078;16.0;86.0;0.9974299999999999;3.53;0.57;9.7;good
64;7.2;0.725;0.05;4.65;0.086;4.0;11.0;0.9962;3.41;0.39;10.9;good
21;7.6;0.39;0.31;2.3;0.08199999999999999;23.0;71.0;0.9982;3.52;0.65;9.7;good
209;11.0;0.3;0.58;2.1;0.054000000000000006;7.0;19.0;0.998;3.31;0.88;10.5;excellent
1273;7.5;0.58;0.2;2.0;0.073;34.0;44.0;0.9949399999999999;3.1;0.43;9.3;good
1231;7.8;0.815;0.01;2.6;0.07400000000000001;48.0;90.0;0.99621;3.38;0.62;10.8;good
432;11.9;0.37;0.69;2.3;0.078;12.0;24.0;0.9958;3.0;0.65;12.8;good
241;12.0;0.38;0.56;2.1;0.09300000000000001;6.0;24.0;0.99925;3.14;0.71;10.9;good
45;4.6;0.52;0.15;2.1;0.054000000000000006;8.0;65.0;0.9934;3.9;0.56;13.1;poor
766;8.8;0.59;0.18;2.9;0.08900000000000001;12.0;74.0;0.9973799999999999;3.14;0.54;9.4;good
345;7.0;0.685;0.0;1.9;0.067;40.0;63.0;0.9979;3.6;0.81;9.9;good
1183;6.8;0.66;0.07;1.6;0.07;16.0;61.0;0.99572;3.29;0.6;9.3;good
1196;7.9;0.58;0.23;2.3;0.076;23.0;94.0;0.9968600000000001;3.21;0.58;9.5;good
1317;9.9;0.44;0.46;2.2;0.091;10.0;41.0;0.9963799999999999;3.18;0.69;11.9;good
50;8.8;0.66;0.26;1.7;0.07400000000000001;4.0;23.0;0.9971;3.15;0.74;9.2;good
1520;6.5;0.53;0.06;2.0;0.063;29.0;44.0;0.9948899999999999;3.38;0.83;10.3;good
557;15.6;0.645;0.49;4.2;0.095;10.0;23.0;1.00315;2.92;0.74;11.1;good
1476;9.9;0.5;0.5;13.8;0.205;48.0;82.0;1.00242;3.16;0.75;8.8;good
1401;7.9;0.69;0.21;2.1;0.08;33.0;141.0;0.9962;3.25;0.51;9.9;good
1158;6.7;0.41;0.43;2.8;0.076;22.0;54.0;0.99572;3.42;1.16;10.6;good
608;10.1;0.65;0.37;5.1;0.11;11.0;65.0;1.0026;3.32;0.64;10.4;good
636;9.6;0.88;0.28;2.4;0.086;30.0;147.0;0.9979;3.24;0.53;9.4;good
984;12.2;0.45;0.49;1.4;0.075;3.0;6.0;0.9969;3.13;0.63;10.4;good
520;9.8;0.25;0.49;2.7;0.08800000000000001;15.0;33.0;0.9982;3.42;0.9;10.0;good
642;9.9;0.54;0.45;2.3;0.071;16.0;40.0;0.9991;3.39;0.62;9.4;good
540;9.2;0.59;0.24;3.3;0.10099999999999999;20.0;47.0;0.9988;3.26;0.67;9.6;good
1244;5.9;0.29;0.25;13.4;0.067;72.0;160.0;0.99721;3.33;0.54;10.3;good
1237;7.1;0.75;0.01;2.2;0.059000000000000004;11.0;18.0;0.9924200000000001;3.39;0.4;12.8;good
353;13.5;0.53;0.79;4.8;0.12;23.0;77.0;1.0018;3.18;0.77;13.0;good
1191;6.5;0.885;0.0;2.3;0.166;6.0;12.0;0.99551;3.56;0.51;10.8;good
968;9.0;0.4;0.43;2.4;0.068;29.0;46.0;0.9943;3.2;0.6;12.2;good
692;8.6;0.49;0.51;2.0;0.42200000000000004;16.0;62.0;0.9979;3.03;1.17;9.0;good
182;7.2;0.73;0.02;2.5;0.076;16.0;42.0;0.9972;3.44;0.52;9.3;good
612;7.5;0.64;0.0;2.4;0.077;18.0;29.0;0.9965;3.32;0.6;10.0;good
1408;8.1;0.29;0.36;2.2;0.048;35.0;53.0;0.995;3.27;1.01;12.4;excellent
397;11.5;0.59;0.59;2.6;0.087;13.0;49.0;0.9988;3.18;0.65;11.0;good
527;7.0;0.38;0.49;2.5;0.09699999999999999;33.0;85.0;0.9962;3.39;0.77;11.4;good
948;8.9;0.12;0.45;1.8;0.075;10.0;21.0;0.9955200000000001;3.41;0.76;11.9;excellent
695;5.1;0.47;0.02;1.3;0.034;18.0;44.0;0.9921;3.9;0.62;12.8;good
696;7.0;0.65;0.02;2.1;0.066;8.0;25.0;0.9972;3.47;0.67;9.5;good
791;8.8;0.64;0.17;2.9;0.084;25.0;130.0;0.99818;3.23;0.54;9.6;good
979;12.2;0.45;0.49;1.4;0.075;3.0;6.0;0.9969;3.13;0.63;10.4;good
1266;7.2;0.57;0.05;2.3;0.081;16.0;36.0;0.99564;3.38;0.6;10.3;good
843;7.1;0.685;0.35;2.0;0.08800000000000001;9.0;92.0;0.9963;3.28;0.62;9.4;good
729;6.4;0.865;0.03;3.2;0.071;27.0;58.0;0.995;3.61;0.49;12.7;good
867;6.9;0.51;0.23;2.0;0.07200000000000001;13.0;22.0;0.9943799999999999;3.4;0.84;11.2;good
492;8.9;0.4;0.51;2.6;0.052000000000000005;13.0;27.0;0.995;3.32;0.9;13.4;excellent
350;10.7;0.67;0.22;2.7;0.107;17.0;34.0;1.0004;3.28;0.98;9.9;good
1596;6.3;0.51;0.13;2.3;0.076;29.0;40.0;0.99574;3.42;0.75;11.0;good
322;7.8;0.62;0.05;2.3;0.079;6.0;18.0;0.99735;3.29;0.63;9.3;good
28;7.1;0.71;0.0;1.9;0.08;14.0;35.0;0.9972;3.47;0.55;9.4;good
706;7.0;0.78;0.08;2.0;0.09300000000000001;10.0;19.0;0.9956;3.4;0.47;10.0;good
401;7.7;0.26;0.3;1.7;0.059000000000000004;20.0;38.0;0.9949;3.29;0.47;10.8;good
1353;7.6;0.645;0.03;1.9;0.086;14.0;57.0;0.9969;3.37;0.46;10.3;good
838;10.1;0.31;0.35;1.6;0.075;9.0;28.0;0.99672;3.24;0.83;11.2;excellent
1407;6.0;0.51;0.0;2.1;0.064;40.0;54.0;0.995;3.54;0.93;10.7;good
230;5.2;0.48;0.04;1.6;0.054000000000000006;19.0;106.0;0.9927;3.54;0.62;12.2;excellent
419;6.8;0.77;0.0;1.8;0.066;34.0;52.0;0.9976;3.62;0.68;9.9;good
883;7.2;0.6;0.04;2.5;0.076;18.0;88.0;0.99745;3.53;0.55;9.5;good
1533;8.0;0.39;0.3;1.9;0.07400000000000001;32.0;84.0;0.9971700000000001;3.39;0.61;9.0;good
485;10.2;0.67;0.39;1.9;0.054000000000000006;6.0;17.0;0.9976;3.17;0.47;10.0;good
743;11.6;0.41;0.58;2.8;0.096;25.0;101.0;1.00024;3.13;0.53;10.0;good
1018;8.0;0.18;0.37;0.9;0.049;36.0;109.0;0.9900700000000001;2.89;0.44;12.7;good
1280;7.1;0.46;0.2;1.9;0.077;28.0;54.0;0.9956;3.37;0.64;10.4;good
270;7.9;0.545;0.06;4.0;0.087;27.0;61.0;0.9965;3.36;0.67;10.7;good
1562;7.2;0.695;0.13;2.0;0.076;12.0;20.0;0.99546;3.29;0.54;10.1;good
302;8.3;0.705;0.12;2.6;0.092;12.0;28.0;0.9994;3.51;0.72;10.0;good
978;7.0;0.4;0.32;3.6;0.061;9.0;29.0;0.99416;3.28;0.49;11.3;excellent
1593;6.8;0.62;0.08;1.9;0.068;28.0;38.0;0.99651;3.42;0.82;9.5;good
686;7.1;0.65;0.18;1.8;0.07;13.0;40.0;0.997;3.44;0.6;9.1;good
1250;7.1;0.6;0.01;2.3;0.079;24.0;37.0;0.9951399999999999;3.4;0.61;10.9;good
1393;8.0;0.52;0.25;2.0;0.078;19.0;59.0;0.9961200000000001;3.3;0.48;10.2;good
895;7.1;0.59;0.01;2.3;0.08;27.0;43.0;0.9955;3.42;0.58;10.7;good
422;7.7;0.96;0.2;2.0;0.047;15.0;60.0;0.9955;3.36;0.44;10.9;good
308;10.3;0.43;0.44;2.4;0.214;5.0;12.0;0.9994;3.19;0.63;9.5;good
533;10.3;0.27;0.24;2.1;0.07200000000000001;15.0;33.0;0.9956;3.22;0.66;12.8;good
229;6.9;0.52;0.25;2.6;0.081;10.0;37.0;0.99685;3.46;0.5;11.0;good
469;8.7;0.82;0.02;1.2;0.07;36.0;48.0;0.9952;3.2;0.58;9.8;good
1315;7.5;0.63;0.27;2.0;0.083;17.0;91.0;0.99616;3.26;0.58;9.8;good
1243;8.3;0.56;0.22;2.4;0.08199999999999999;10.0;86.0;0.9983;3.37;0.62;9.5;good
1156;8.5;0.18;0.51;1.75;0.071;45.0;88.0;0.99524;3.33;0.76;11.8;excellent
1136;10.4;0.52;0.45;2.0;0.08;6.0;13.0;0.99774;3.22;0.76;11.4;good
1444;7.3;0.67;0.02;2.2;0.07200000000000001;31.0;92.0;0.99566;3.32;0.68;11.1;good
1478;7.1;0.875;0.05;5.7;0.08199999999999999;3.0;14.0;0.99808;3.4;0.52;10.2;poor
1451;7.8;0.32;0.44;2.7;0.10400000000000001;8.0;17.0;0.9973200000000001;3.33;0.78;11.0;excellent
139;7.8;0.56;0.19;2.0;0.081;17.0;108.0;0.9962;3.32;0.54;9.5;good
150;7.3;0.33;0.47;2.1;0.077;5.0;11.0;0.9958;3.33;0.53;10.3;good
962;6.6;0.57;0.02;2.1;0.115;6.0;16.0;0.99654;3.38;0.69;9.5;good
149;8.2;0.4;0.44;2.8;0.08900000000000001;11.0;43.0;0.9975;3.53;0.61;10.5;good
1205;7.2;0.36;0.46;2.1;0.07400000000000001;24.0;44.0;0.99534;3.4;0.85;11.0;excellent
1411;6.4;0.47;0.4;2.4;0.071;8.0;19.0;0.9963;3.56;0.73;10.6;good
1510;6.4;0.36;0.21;2.2;0.047;26.0;48.0;0.99661;3.47;0.77;9.7;good
1276;8.5;0.4;0.4;6.3;0.05;3.0;10.0;0.99566;3.28;0.56;12.0;poor
763;9.3;0.655;0.26;2.0;0.096;5.0;35.0;0.9973799999999999;3.25;0.42;9.6;good
74;9.7;0.32;0.54;2.5;0.094;28.0;83.0;0.9984;3.28;0.82;9.6;good
1081;7.9;0.3;0.68;8.3;0.05;37.5;289.0;0.99316;3.01;0.51;12.3;excellent
1164;9.0;0.785;0.24;1.7;0.078;10.0;21.0;0.99692;3.29;0.67;10.0;good
1099;8.6;0.52;0.38;1.5;0.096;5.0;18.0;0.99666;3.2;0.52;9.4;good
865;7.2;0.635;0.07;2.6;0.077;16.0;86.0;0.9974799999999999;3.51;0.54;9.7;good
434;10.4;0.41;0.55;3.2;0.076;22.0;54.0;0.9996;3.15;0.89;9.9;good
1532;7.2;0.53;0.13;2.0;0.057999999999999996;18.0;22.0;0.9957299999999999;3.21;0.68;9.9;good
388;7.8;0.46;0.26;1.9;0.08800000000000001;23.0;53.0;0.9981;3.43;0.74;9.2;good
797;9.3;0.37;0.44;1.6;0.038;21.0;42.0;0.99526;3.24;0.81;10.8;excellent
183;6.8;0.61;0.2;1.8;0.077;11.0;65.0;0.9971;3.54;0.58;9.3;good
609;6.3;0.36;0.19;3.2;0.075;15.0;39.0;0.9956;3.56;0.52;12.7;good
231;8.0;0.38;0.06;1.8;0.078;12.0;49.0;0.99625;3.37;0.52;9.9;good
556;10.9;0.53;0.49;4.6;0.11800000000000001;10.0;17.0;1.0002;3.07;0.56;11.7;good
1357;7.3;0.43;0.24;2.5;0.078;27.0;67.0;0.9964799999999999;3.6;0.59;11.1;good
42;7.5;0.49;0.2;2.6;0.332;8.0;14.0;0.9968;3.21;0.9;10.5;good
1150;8.2;0.33;0.32;2.8;0.067;4.0;12.0;0.9947299999999999;3.3;0.76;12.8;excellent
96;6.8;0.775;0.0;3.0;0.102;8.0;23.0;0.9965;3.45;0.56;10.7;good
879;7.2;0.6;0.04;2.5;0.076;18.0;88.0;0.99745;3.53;0.55;9.5;good
87;7.7;0.49;0.26;1.9;0.062;9.0;31.0;0.9966;3.39;0.64;9.6;good
198;5.4;0.835;0.08;1.2;0.046;13.0;93.0;0.9924;3.57;0.85;13.0;excellent
597;11.9;0.58;0.58;1.9;0.071;5.0;18.0;0.998;3.09;0.63;10.0;good
681;8.0;0.45;0.23;2.2;0.094;16.0;29.0;0.9962;3.21;0.49;10.2;good
418;11.9;0.38;0.51;2.0;0.121;7.0;20.0;0.9996;3.24;0.76;10.4;good
40;7.3;0.45;0.36;5.9;0.07400000000000001;12.0;87.0;0.9978;3.33;0.83;10.5;good
1194;7.0;0.745;0.12;1.8;0.114;15.0;64.0;0.9958799999999999;3.22;0.59;9.5;good
756;6.3;0.98;0.01;2.0;0.057;15.0;33.0;0.9948799999999999;3.6;0.46;11.2;good
878;8.8;0.61;0.19;4.0;0.094;30.0;69.0;0.99787;3.22;0.5;10.0;good
580;12.3;0.5;0.49;2.2;0.08900000000000001;5.0;14.0;1.0002;3.19;0.44;9.6;good
861;5.8;1.01;0.66;2.0;0.039;15.0;88.0;0.9935700000000001;3.66;0.6;11.5;good
1076;9.9;0.32;0.56;2.0;0.073;3.0;8.0;0.99534;3.15;0.73;11.4;good
707;7.4;0.49;0.19;3.0;0.077;16.0;37.0;0.9966;3.37;0.51;10.5;good
661;7.5;0.42;0.31;1.6;0.08;15.0;42.0;0.9978;3.31;0.64;9.0;good
510;12.4;0.42;0.49;4.6;0.073;19.0;43.0;0.9978;3.02;0.61;9.5;good
641;9.5;0.59;0.44;2.3;0.071;21.0;68.0;0.9992;3.46;0.63;9.5;good
1308;9.7;0.69;0.32;2.5;0.08800000000000001;22.0;91.0;0.9979;3.29;0.62;10.1;good
321;9.3;0.61;0.26;3.4;0.09;25.0;87.0;0.99975;3.24;0.62;9.7;good
412;7.1;0.735;0.16;1.9;0.1;15.0;77.0;0.9966;3.27;0.64;9.3;good
404;7.7;0.69;0.05;2.7;0.075;15.0;27.0;0.9974;3.26;0.61;9.1;good
1240;7.5;0.61;0.2;1.7;0.076;36.0;60.0;0.9949399999999999;3.1;0.4;9.3;good
1126;5.8;0.29;0.26;1.7;0.063;3.0;11.0;0.9915;3.39;0.54;13.5;good
340;12.2;0.34;0.5;2.4;0.066;10.0;21.0;1.0;3.12;1.18;9.2;good
1181;9.8;0.39;0.43;1.65;0.068;5.0;11.0;0.9947799999999999;3.19;0.46;11.4;good
1138;7.5;0.41;0.15;3.7;0.10400000000000001;29.0;94.0;0.9978600000000001;3.14;0.58;9.1;good
744;11.1;0.39;0.54;2.7;0.095;21.0;101.0;1.0001;3.13;0.51;9.5;good
537;8.1;0.825;0.24;2.1;0.084;5.0;13.0;0.9972;3.37;0.77;10.7;good
973;8.5;0.34;0.44;1.7;0.079;6.0;12.0;0.99605;3.52;0.63;10.7;good
1210;6.8;0.65;0.02;2.1;0.078;8.0;15.0;0.99498;3.35;0.62;10.4;good
255;8.0;0.57;0.23;3.2;0.073;17.0;119.0;0.99675;3.26;0.57;9.3;good
1269;5.5;0.49;0.03;1.8;0.044000000000000004;28.0;87.0;0.9908;3.5;0.82;14.0;excellent
1449;7.2;0.38;0.31;2.0;0.055999999999999994;15.0;29.0;0.99472;3.23;0.76;11.3;excellent
1272;5.9;0.46;0.0;1.9;0.077;25.0;44.0;0.99385;3.5;0.53;11.2;good
452;6.8;0.56;0.03;1.7;0.084;18.0;35.0;0.9968;3.44;0.63;10.0;good
860;7.2;0.62;0.06;2.7;0.077;15.0;85.0;0.99746;3.51;0.54;9.5;good
1325;6.7;0.46;0.24;1.7;0.077;18.0;34.0;0.9948;3.39;0.6;10.6;good
1460;6.4;0.42;0.09;2.3;0.054000000000000006;34.0;64.0;0.99724;3.41;0.68;10.4;good
3;11.2;0.28;0.56;1.9;0.075;17.0;60.0;0.998;3.16;0.58;9.8;good
762;8.8;0.7;0.0;1.7;0.069;8.0;19.0;0.9970100000000001;3.31;0.53;10.0;good
494;6.5;0.39;0.23;8.3;0.051;28.0;91.0;0.9952;3.44;0.55;12.1;good
1419;7.7;0.64;0.21;2.2;0.077;32.0;133.0;0.9956;3.27;0.45;9.9;good
1103;7.4;0.49;0.27;2.1;0.071;14.0;25.0;0.9938799999999999;3.35;0.63;12.0;good
1207;9.9;0.72;0.55;1.7;0.136;24.0;52.0;0.9975200000000001;3.35;0.94;10.0;good
423;10.5;0.24;0.47;2.1;0.066;6.0;24.0;0.9978;3.15;0.9;11.0;excellent
490;9.3;0.775;0.27;2.8;0.078;24.0;56.0;0.9984;3.31;0.67;10.6;good
1358;7.4;0.64;0.17;5.4;0.168;52.0;98.0;0.99736;3.28;0.5;9.5;good
920;9.6;0.41;0.37;2.3;0.091;10.0;23.0;0.9978600000000001;3.24;0.56;10.5;good
1303;8.0;0.28;0.44;1.8;0.081;28.0;68.0;0.9950100000000001;3.36;0.66;11.2;good
805;8.2;0.28;0.4;2.4;0.052000000000000005;4.0;10.0;0.99356;3.33;0.7;12.8;excellent
1019;7.0;0.5;0.14;1.8;0.078;10.0;23.0;0.99636;3.53;0.61;10.4;good
1379;7.5;0.57;0.02;2.6;0.077;11.0;35.0;0.9955700000000001;3.36;0.62;10.8;good
803;7.7;0.56;0.08;2.5;0.114;14.0;46.0;0.9971;3.24;0.66;9.6;good
277;11.5;0.18;0.51;4.0;0.10400000000000001;4.0;23.0;0.9996;3.28;0.97;10.1;good
574;10.6;0.34;0.49;3.2;0.078;20.0;78.0;0.9992;3.19;0.7;10.0;good
1567;7.2;0.695;0.13;2.0;0.076;12.0;20.0;0.99546;3.29;0.54;10.1;good
224;8.4;0.635;0.36;2.0;0.08900000000000001;15.0;55.0;0.99745;3.31;0.57;10.4;poor
765;9.2;0.67;0.1;3.0;0.091;12.0;48.0;0.9988799999999999;3.31;0.54;9.5;good
1461;6.2;0.785;0.0;2.1;0.06;6.0;13.0;0.99664;3.59;0.61;10.0;poor
480;10.6;0.28;0.39;15.5;0.069;6.0;23.0;1.0026;3.12;0.66;9.2;good
1157;5.1;0.51;0.18;2.1;0.042;16.0;101.0;0.9924;3.46;0.87;12.9;excellent
1132;7.4;0.36;0.34;1.8;0.075;18.0;38.0;0.9933;3.38;0.88;13.6;excellent
546;7.5;0.55;0.24;2.0;0.078;10.0;28.0;0.9983;3.45;0.78;9.5;good
69;8.0;0.705;0.05;1.9;0.07400000000000001;8.0;19.0;0.9962;3.34;0.95;10.5;good
996;5.6;0.66;0.0;2.2;0.087;3.0;11.0;0.9937799999999999;3.71;0.63;12.8;excellent
1488;5.6;0.54;0.04;1.7;0.049;5.0;13.0;0.9942;3.72;0.58;11.4;good
1504;7.5;0.38;0.57;2.3;0.106;5.0;12.0;0.99605;3.36;0.55;11.4;good
348;9.6;0.56;0.31;2.8;0.08900000000000001;15.0;46.0;0.9979;3.11;0.92;10.0;good
983;9.1;0.5;0.3;1.9;0.065;8.0;17.0;0.99774;3.32;0.71;10.5;good
1513;6.4;0.56;0.15;1.8;0.078;17.0;65.0;0.9929399999999999;3.33;0.6;10.5;good
932;7.6;0.4;0.29;1.9;0.078;29.0;66.0;0.9971;3.45;0.59;9.5;good
684;9.8;0.98;0.32;2.3;0.078;35.0;152.0;0.998;3.25;0.48;9.4;good
966;9.0;0.38;0.41;2.4;0.10300000000000001;6.0;10.0;0.9960399999999999;3.13;0.58;11.9;excellent
1134;8.5;0.28;0.35;1.7;0.061;6.0;15.0;0.99524;3.3;0.74;11.8;excellent
914;7.3;0.305;0.39;1.2;0.059000000000000004;7.0;11.0;0.99331;3.29;0.52;11.5;good
1405;7.7;0.28;0.3;2.0;0.062;18.0;34.0;0.9952;3.28;0.9;11.3;excellent
262;8.0;0.52;0.03;1.7;0.07;10.0;35.0;0.99575;3.34;0.57;10.0;good
1095;9.4;0.4;0.47;2.5;0.087;6.0;20.0;0.99772;3.15;0.5;10.5;good
148;6.9;0.49;0.1;2.3;0.07400000000000001;12.0;30.0;0.9959;3.42;0.58;10.2;good
329;10.7;0.46;0.39;2.0;0.061;7.0;15.0;0.9981;3.18;0.62;9.5;good
354;6.1;0.21;0.4;1.4;0.066;40.5;165.0;0.9912;3.25;0.59;11.9;good
1159;10.2;0.41;0.43;2.2;0.11;11.0;37.0;0.9972799999999999;3.16;0.67;10.8;good
1578;6.8;0.67;0.15;1.8;0.11800000000000001;13.0;20.0;0.9954;3.42;0.67;11.3;good
34;5.2;0.32;0.25;1.8;0.10300000000000001;13.0;50.0;0.9957;3.38;0.55;9.2;good
1349;6.9;0.57;0.0;2.8;0.081;21.0;41.0;0.99518;3.41;0.52;10.8;good
1264;8.5;0.37;0.32;1.8;0.066;26.0;51.0;0.99456;3.38;0.72;11.8;good
876;7.1;0.47;0.0;2.2;0.067;7.0;14.0;0.9951700000000001;3.4;0.58;10.9;poor
881;7.6;0.715;0.0;2.1;0.068;30.0;35.0;0.9953299999999999;3.48;0.65;11.4;good
572;10.2;0.24;0.49;2.4;0.075;10.0;28.0;0.9978;3.14;0.61;10.4;good
1285;11.3;0.37;0.5;1.8;0.09;20.0;47.0;0.99734;3.15;0.57;10.5;good
236;7.2;0.63;0.0;1.9;0.09699999999999999;14.0;38.0;0.99675;3.37;0.58;9.0;good
242;7.7;0.58;0.1;1.8;0.102;28.0;109.0;0.99565;3.08;0.49;9.8;good
1352;7.6;0.645;0.03;1.9;0.086;14.0;57.0;0.9969;3.37;0.46;10.3;good
174;7.3;0.38;0.21;2.0;0.08;7.0;35.0;0.9961;3.33;0.47;9.5;good
115;9.4;0.4;0.31;2.2;0.09;13.0;62.0;0.9966;3.07;0.63;10.5;good
360;8.2;0.7;0.23;2.0;0.099;14.0;81.0;0.9973;3.19;0.7;9.4;good
58;7.8;0.59;0.18;2.3;0.076;17.0;54.0;0.9975;3.43;0.59;10.0;good
463;8.1;0.66;0.7;2.2;0.098;25.0;129.0;0.9972;3.08;0.53;9.0;good
373;7.4;0.55;0.22;2.2;0.106;12.0;72.0;0.9959;3.05;0.63;9.2;good
323;10.3;0.59;0.42;2.8;0.09;35.0;73.0;0.9990000000000001;3.28;0.7;9.5;good
1351;7.2;0.62;0.01;2.3;0.065;8.0;46.0;0.9933200000000001;3.32;0.51;11.8;good
585;7.6;0.51;0.24;2.4;0.091;8.0;38.0;0.998;3.47;0.66;9.6;good
1443;6.9;0.58;0.2;1.75;0.057999999999999996;8.0;22.0;0.9932200000000001;3.38;0.49;11.7;good
1490;7.1;0.22;0.49;1.8;0.039;8.0;18.0;0.99344;3.39;0.56;12.4;good
416;10.6;0.48;0.64;2.2;0.111;6.0;20.0;0.997;3.26;0.66;11.7;good
1497;6.9;0.74;0.03;2.3;0.054000000000000006;7.0;16.0;0.99508;3.45;0.63;11.5;good
1414;10.0;0.32;0.59;2.2;0.077;3.0;15.0;0.9994;3.2;0.78;9.6;good
266;8.1;0.87;0.0;3.3;0.096;26.0;61.0;1.00025;3.6;0.72;9.8;poor
1313;7.0;0.36;0.21;2.3;0.086;20.0;65.0;0.9955799999999999;3.4;0.54;10.1;good
215;7.0;0.49;0.49;5.6;0.06;26.0;121.0;0.9974;3.34;0.76;10.5;good
1192;7.2;0.25;0.37;2.5;0.063;11.0;41.0;0.99439;3.52;0.8;12.4;excellent
335;11.9;0.695;0.53;3.4;0.128;7.0;21.0;0.9992;3.17;0.84;12.2;excellent
857;8.2;0.26;0.34;2.5;0.073;16.0;47.0;0.9959399999999999;3.4;0.78;11.3;excellent
392;9.5;0.37;0.52;2.0;0.08199999999999999;6.0;26.0;0.998;3.18;0.51;9.5;good
946;10.2;0.44;0.58;4.1;0.092;11.0;24.0;0.99745;3.29;0.99;12.0;excellent
1224;12.6;0.39;0.49;2.5;0.08;8.0;20.0;0.9992;3.07;0.82;10.3;good
349;9.1;0.785;0.0;2.6;0.09300000000000001;11.0;28.0;0.9994;3.36;0.86;9.4;good
916;5.3;0.715;0.19;1.5;0.161;7.0;62.0;0.99395;3.62;0.61;11.0;good
999;6.4;0.69;0.0;1.65;0.055;7.0;12.0;0.9916200000000001;3.47;0.53;12.9;good
969;6.7;0.56;0.09;2.9;0.079;7.0;22.0;0.99669;3.46;0.61;10.2;good
1563;7.2;0.695;0.13;2.0;0.076;12.0;20.0;0.99546;3.29;0.54;10.1;good
251;7.1;0.6;0.0;1.8;0.07400000000000001;16.0;34.0;0.9972;3.47;0.7;9.9;good
601;13.2;0.46;0.52;2.2;0.071;12.0;35.0;1.0006;3.1;0.56;9.0;good
37;8.1;0.38;0.28;2.1;0.066;13.0;30.0;0.9968;3.23;0.73;9.7;excellent
91;8.6;0.49;0.28;1.9;0.11;20.0;136.0;0.9972;2.93;1.95;9.9;good
1570;6.4;0.36;0.53;2.2;0.23;19.0;35.0;0.9934;3.37;0.93;12.4;good
848;6.4;0.64;0.21;1.8;0.081;14.0;31.0;0.9968899999999999;3.59;0.66;9.8;good
261;7.0;0.975;0.04;2.0;0.087;12.0;67.0;0.99565;3.35;0.6;9.4;poor
611;13.2;0.38;0.55;2.7;0.081;5.0;16.0;1.0006;2.98;0.54;9.4;good
244;15.0;0.21;0.44;2.2;0.075;10.0;24.0;1.00005;3.07;0.84;9.2;excellent
278;10.3;0.32;0.45;6.4;0.073;5.0;13.0;0.9976;3.23;0.82;12.6;excellent
1375;7.2;0.56;0.26;2.0;0.083;13.0;100.0;0.9958600000000001;3.26;0.52;9.9;good
1118;7.1;0.39;0.12;2.1;0.065;14.0;24.0;0.9925200000000001;3.3;0.53;13.3;good
1115;7.0;0.69;0.07;2.5;0.091;15.0;21.0;0.99572;3.38;0.6;11.3;good
1173;7.6;0.36;0.31;1.7;0.079;26.0;65.0;0.99716;3.46;0.62;9.5;good
977;8.4;0.59;0.29;2.6;0.109;31.0;119.0;0.9980100000000001;3.15;0.5;9.1;good
1166;9.9;0.54;0.26;2.0;0.111;7.0;60.0;0.9970899999999999;2.94;0.98;10.2;good
965;8.3;0.34;0.4;2.4;0.065;24.0;48.0;0.99554;3.34;0.86;11.0;good
93;7.7;0.49;0.26;1.9;0.062;9.0;31.0;0.9966;3.39;0.64;9.6;good
1542;6.7;0.855;0.02;1.9;0.064;29.0;38.0;0.99472;3.3;0.56;10.75;good
1433;6.1;0.4;0.16;1.8;0.069;11.0;25.0;0.9955;3.42;0.74;10.1;excellent
1569;6.2;0.51;0.14;1.9;0.055999999999999994;15.0;34.0;0.9939600000000001;3.48;0.57;11.5;good
1468;7.3;0.48;0.32;2.1;0.062;31.0;54.0;0.9972799999999999;3.3;0.65;10.0;excellent
1108;8.1;0.78;0.1;3.3;0.09;4.0;13.0;0.99855;3.36;0.49;9.5;good
1399;7.2;0.67;0.0;2.2;0.068;10.0;24.0;0.9956;3.42;0.72;11.1;good
754;7.8;0.48;0.68;1.7;0.415;14.0;32.0;0.99656;3.09;1.06;9.1;good
301;11.1;0.18;0.48;1.5;0.068;7.0;15.0;0.9973;3.22;0.64;10.1;good
771;9.4;0.685;0.26;2.4;0.08199999999999999;23.0;143.0;0.9978;3.28;0.55;9.4;good
1305;7.5;0.61;0.26;1.9;0.073;24.0;88.0;0.9961200000000001;3.3;0.53;9.8;good
374;14.0;0.41;0.63;3.8;0.08900000000000001;6.0;47.0;1.0014;3.01;0.81;10.8;good
1155;8.3;0.6;0.25;2.2;0.11800000000000001;9.0;38.0;0.99616;3.15;0.53;9.8;good
103;8.1;0.575;0.22;2.1;0.077;12.0;65.0;0.9967;3.29;0.51;9.2;good
529;9.9;0.63;0.24;2.4;0.077;6.0;33.0;0.9974;3.09;0.57;9.4;good
705;8.4;1.035;0.15;6.0;0.073;11.0;54.0;0.9990000000000001;3.37;0.49;9.9;good
748;7.2;0.5;0.18;2.1;0.071;12.0;31.0;0.99761;3.52;0.72;9.6;good
1572;7.3;0.69;0.32;2.2;0.069;35.0;104.0;0.9963200000000001;3.33;0.51;9.5;good
1378;7.2;0.45;0.15;2.0;0.078;10.0;28.0;0.9960899999999999;3.29;0.51;9.9;good
402;12.2;0.48;0.54;2.6;0.085;19.0;64.0;1.0;3.1;0.61;10.5;good
1087;7.9;0.19;0.42;1.6;0.057;18.0;30.0;0.9940000000000001;3.29;0.69;11.2;good
561;9.0;0.44;0.49;2.4;0.078;26.0;121.0;0.9978;3.23;0.58;9.2;good
1254;7.8;0.7;0.06;1.9;0.079;20.0;35.0;0.9962799999999999;3.4;0.69;10.9;good
448;8.6;0.53;0.22;2.0;0.1;7.0;27.0;0.9967;3.2;0.56;10.2;good
285;9.9;0.59;0.07;3.4;0.102;32.0;71.0;1.00015;3.31;0.71;9.8;good
1591;5.4;0.74;0.09;1.7;0.08900000000000001;16.0;26.0;0.9940200000000001;3.67;0.56;11.6;good
758;8.1;0.87;0.0;2.2;0.084;10.0;31.0;0.99656;3.25;0.5;9.8;good
271;11.5;0.18;0.51;4.0;0.10400000000000001;4.0;23.0;0.9996;3.28;0.97;10.1;good
830;7.5;0.685;0.07;2.5;0.057999999999999996;5.0;9.0;0.9963200000000001;3.38;0.55;10.9;poor
380;8.3;0.26;0.42;2.0;0.08;11.0;27.0;0.9974;3.21;0.8;9.4;good
1029;7.7;0.58;0.01;1.8;0.08800000000000001;12.0;18.0;0.9956799999999999;3.32;0.56;10.5;excellent
645;7.8;0.64;0.1;6.0;0.115;5.0;11.0;0.9984;3.37;0.69;10.1;excellent
288;8.7;0.52;0.09;2.5;0.091;20.0;49.0;0.9976;3.34;0.86;10.6;excellent
808;7.4;0.53;0.12;1.9;0.165;4.0;12.0;0.99702;3.26;0.86;9.2;good
338;12.4;0.49;0.58;3.0;0.10300000000000001;28.0;99.0;1.0008;3.16;1.0;11.5;good
639;8.9;0.29;0.35;1.9;0.067;25.0;57.0;0.997;3.18;1.36;10.3;good
27;7.9;0.43;0.21;1.6;0.106;10.0;37.0;0.9966;3.17;0.91;9.5;good
1048;9.3;0.49;0.36;1.7;0.081;3.0;14.0;0.99702;3.27;0.78;10.9;good
238;7.2;0.63;0.0;1.9;0.09699999999999999;14.0;38.0;0.99675;3.37;0.58;9.0;good
120;7.3;1.07;0.09;1.7;0.17800000000000002;10.0;89.0;0.9962;3.3;0.57;9.0;good
1042;8.9;0.5;0.21;2.2;0.08800000000000001;21.0;39.0;0.99692;3.33;0.83;11.1;good
1274;7.8;0.58;0.13;2.1;0.102;17.0;36.0;0.9944;3.24;0.53;11.2;good
1045;6.9;0.44;0.0;1.4;0.07;32.0;38.0;0.9943799999999999;3.32;0.58;11.4;good
1277;7.0;0.69;0.0;1.9;0.114;3.0;10.0;0.99636;3.35;0.6;9.7;good
1343;7.5;0.51;0.02;1.7;0.084;13.0;31.0;0.9953799999999999;3.36;0.54;10.5;good
325;10.0;0.49;0.2;11.0;0.071;13.0;50.0;1.0015;3.16;0.69;9.2;good
864;7.2;0.62;0.06;2.7;0.077;15.0;85.0;0.99746;3.51;0.54;9.5;good
1362;11.6;0.475;0.4;1.4;0.091;6.0;28.0;0.9970399999999999;3.07;0.65;10.0333333333333;good
1200;7.7;0.57;0.21;1.5;0.069;4.0;9.0;0.9945799999999999;3.16;0.54;9.8;good
623;7.9;0.51;0.25;2.9;0.077;21.0;45.0;0.9974;3.49;0.96;12.1;good
313;8.6;0.47;0.3;3.0;0.076;30.0;135.0;0.9976;3.3;0.53;9.4;good
1251;7.5;0.58;0.14;2.2;0.077;27.0;60.0;0.9963;3.28;0.59;9.8;good
512;10.7;0.4;0.48;2.1;0.125;15.0;49.0;0.998;3.03;0.81;9.7;good
1100;8.4;0.34;0.42;2.1;0.07200000000000001;23.0;36.0;0.99392;3.11;0.78;12.4;good
159;6.8;0.6;0.18;1.9;0.079;18.0;86.0;0.9968;3.59;0.57;9.3;good
1141;8.2;0.38;0.32;2.5;0.08;24.0;71.0;0.99624;3.27;0.85;11.0;good
1322;9.1;0.34;0.42;1.8;0.057999999999999996;9.0;18.0;0.99392;3.18;0.55;11.4;good
191;6.4;0.37;0.25;1.9;0.07400000000000001;21.0;49.0;0.9974;3.57;0.62;9.8;good
1004;8.2;0.43;0.29;1.6;0.081;27.0;45.0;0.99603;3.25;0.54;10.3;good
884;8.8;0.61;0.19;4.0;0.094;30.0;69.0;0.99787;3.22;0.5;10.0;good
1580;7.4;0.35;0.33;2.4;0.068;9.0;26.0;0.9947;3.36;0.6;11.9;good
1023;8.2;0.32;0.42;2.3;0.098;3.0;9.0;0.9950600000000001;3.27;0.55;12.3;good
930;6.6;0.61;0.01;1.9;0.08;8.0;25.0;0.99746;3.69;0.73;10.5;good
1297;7.2;0.53;0.14;2.1;0.064;15.0;29.0;0.99323;3.35;0.61;12.1;good
1125;8.8;0.24;0.35;1.7;0.055;13.0;27.0;0.9939399999999999;3.14;0.59;11.3;excellent
854;9.3;0.36;0.39;1.5;0.08;41.0;55.0;0.9965200000000001;3.47;0.73;10.9;good
477;10.4;0.24;0.49;1.8;0.075;6.0;20.0;0.9977;3.18;1.06;11.0;good
1445;7.4;0.785;0.19;5.2;0.094;19.0;98.0;0.99713;3.16;0.52;9.6;good
1347;7.2;0.655;0.03;1.8;0.078;7.0;12.0;0.99587;3.34;0.39;9.5;good
158;7.1;0.68;0.0;2.2;0.073;12.0;22.0;0.9969;3.48;0.5;9.3;good
593;9.9;0.49;0.58;3.5;0.094;9.0;43.0;1.0004;3.29;0.58;9.0;good
1438;7.0;0.59;0.0;1.7;0.052000000000000005;3.0;8.0;0.996;3.41;0.47;10.3;good
926;9.4;0.24;0.33;2.3;0.061;52.0;73.0;0.9978600000000001;3.47;0.9;10.2;good
1418;7.8;0.53;0.01;1.6;0.077;3.0;19.0;0.995;3.16;0.46;9.8;good
737;8.2;0.59;0.0;2.5;0.09300000000000001;19.0;58.0;1.0002;3.5;0.65;9.3;good
23;8.5;0.49;0.11;2.3;0.084;9.0;67.0;0.9968;3.17;0.53;9.4;good
24;6.9;0.4;0.14;2.4;0.085;21.0;40.0;0.9968;3.43;0.63;9.7;good
126;8.2;1.33;0.0;1.7;0.081;3.0;12.0;0.9964;3.53;0.49;10.9;good
1111;5.4;0.42;0.27;2.0;0.092;23.0;55.0;0.99471;3.78;0.64;12.3;excellent
1514;6.9;0.84;0.21;4.1;0.07400000000000001;16.0;65.0;0.9984200000000001;3.53;0.72;9.23333333333333;good
1178;5.6;0.915;0.0;2.1;0.040999999999999995;17.0;78.0;0.99346;3.68;0.73;11.4;good
1051;8.5;0.46;0.59;1.4;0.414;16.0;45.0;0.99702;3.03;1.34;9.2;good
502;10.4;0.44;0.73;6.55;0.07400000000000001;38.0;76.0;0.9990000000000001;3.17;0.85;12.0;excellent
19;7.9;0.32;0.51;1.8;0.341;17.0;56.0;0.9969;3.04;1.08;9.2;good
41;8.8;0.61;0.3;2.8;0.08800000000000001;17.0;46.0;0.9976;3.26;0.51;9.3;poor
933;7.4;0.61;0.01;2.0;0.07400000000000001;13.0;38.0;0.9974799999999999;3.48;0.65;9.8;good
702;7.0;0.64;0.02;2.1;0.067;9.0;23.0;0.997;3.47;0.67;9.4;good
145;8.1;0.67;0.55;1.8;0.11699999999999999;32.0;141.0;0.9968;3.17;0.62;9.4;good
167;7.3;0.55;0.03;1.6;0.07200000000000001;17.0;42.0;0.9956;3.37;0.48;9.0;poor
516;12.5;0.6;0.49;4.3;0.1;5.0;14.0;1.001;3.25;0.74;11.9;good
155;7.1;0.43;0.42;5.5;0.071;28.0;128.0;0.9973;3.42;0.71;10.5;good
9;7.5;0.5;0.36;6.1;0.071;17.0;102.0;0.9978;3.35;0.8;10.5;good
33;6.9;0.605;0.12;10.7;0.073;40.0;83.0;0.9993;3.45;0.52;9.4;good
1013;7.5;0.71;0.0;1.6;0.092;22.0;31.0;0.99635;3.38;0.58;10.0;good
672;9.8;1.24;0.34;2.0;0.079;32.0;151.0;0.998;3.15;0.53;9.5;good
71;7.7;0.67;0.23;2.1;0.08800000000000001;17.0;96.0;0.9962;3.32;0.48;9.5;good
471;9.6;0.54;0.42;2.4;0.081;25.0;52.0;0.997;3.2;0.71;11.4;good
405;8.7;0.31;0.46;1.4;0.059000000000000004;11.0;25.0;0.9966;3.36;0.76;10.1;good
936;8.8;0.3;0.38;2.3;0.06;19.0;72.0;0.9954299999999999;3.39;0.72;11.8;good
559;13.0;0.47;0.49;4.3;0.085;6.0;47.0;1.0021;3.3;0.68;12.7;good
1391;8.0;0.64;0.22;2.4;0.094;5.0;33.0;0.9961200000000001;3.37;0.58;11.0;good
316;9.6;0.56;0.23;3.4;0.102;37.0;92.0;0.9996;3.3;0.65;10.1;good
571;6.2;0.36;0.24;2.2;0.095;19.0;42.0;0.9946;3.57;0.57;11.7;good
1588;7.2;0.66;0.33;2.5;0.068;34.0;102.0;0.9941399999999999;3.27;0.78;12.8;good
740;8.3;0.76;0.29;4.2;0.075;12.0;16.0;0.9965;3.45;0.68;11.5;good
1064;8.2;0.74;0.09;2.0;0.067;5.0;10.0;0.99418;3.28;0.57;11.8;good
503;10.5;0.26;0.47;1.9;0.078;6.0;24.0;0.9976;3.18;1.04;10.9;excellent
263;7.9;0.37;0.23;1.8;0.077;23.0;49.0;0.9963;3.28;0.67;9.3;good
1340;7.5;0.51;0.02;1.7;0.084;13.0;31.0;0.9953799999999999;3.36;0.54;10.5;good
727;6.4;0.57;0.02;1.8;0.067;4.0;11.0;0.997;3.46;0.68;9.5;good
1368;8.0;0.77;0.32;2.1;0.079;16.0;74.0;0.99656;3.27;0.5;9.8;good
1003;6.8;0.36;0.32;1.8;0.067;4.0;8.0;0.9928;3.36;0.55;12.8;excellent
498;10.7;0.35;0.53;2.6;0.07;5.0;16.0;0.9972;3.15;0.65;11.0;excellent
1005;6.8;0.36;0.32;1.8;0.067;4.0;8.0;0.9928;3.36;0.55;12.8;excellent
284;9.9;0.59;0.07;3.4;0.102;32.0;71.0;1.00015;3.31;0.71;9.8;good
1498;6.6;0.895;0.04;2.3;0.068;7.0;13.0;0.99582;3.53;0.58;10.8;good
1416;10.0;0.32;0.59;2.2;0.077;3.0;15.0;0.9994;3.2;0.78;9.6;good
491;9.2;0.41;0.5;2.5;0.055;12.0;25.0;0.9952;3.34;0.79;13.3;excellent
534;10.0;0.48;0.24;2.7;0.102;13.0;32.0;1.0;3.28;0.56;10.0;good
222;6.8;0.61;0.04;1.5;0.057;5.0;10.0;0.99525;3.42;0.6;9.5;good
1477;5.3;0.47;0.11;2.2;0.048;16.0;89.0;0.99182;3.54;0.88;13.6;excellent
1384;7.1;0.755;0.15;1.8;0.107;20.0;84.0;0.99593;3.19;0.5;9.5;good
1021;11.3;0.36;0.66;2.4;0.12300000000000001;3.0;8.0;0.9964200000000001;3.2;0.53;11.9;good
698;9.4;0.615;0.28;3.2;0.087;18.0;72.0;1.0001;3.31;0.53;9.7;good
759;8.8;0.42;0.21;2.5;0.092;33.0;88.0;0.99823;3.19;0.52;9.2;good
1435;10.2;0.54;0.37;15.4;0.214;55.0;95.0;1.00369;3.18;0.77;9.0;good
1082;7.2;0.38;0.3;1.8;0.073;31.0;70.0;0.99685;3.42;0.59;9.5;good
991;7.1;0.34;0.28;2.0;0.08199999999999999;31.0;68.0;0.9969399999999999;3.45;0.48;9.4;good
359;12.6;0.38;0.66;2.6;0.08800000000000001;10.0;41.0;1.001;3.17;0.68;9.8;good
783;6.5;0.46;0.14;2.4;0.114;9.0;37.0;0.9973200000000001;3.66;0.65;9.8;good
937;12.0;0.63;0.5;1.4;0.071;6.0;26.0;0.9979100000000001;3.07;0.6;10.4;poor
1471;6.7;0.7;0.08;3.75;0.067;8.0;16.0;0.99334;3.43;0.52;12.6;good
1568;7.0;0.56;0.13;1.6;0.077;25.0;42.0;0.99629;3.34;0.59;9.2;good
85;6.9;0.55;0.15;2.2;0.076;19.0;40.0;0.9961;3.41;0.59;10.1;good
144;5.2;0.34;0.0;1.8;0.05;27.0;63.0;0.9916;3.68;0.79;14.0;good
674;10.8;0.4;0.41;2.2;0.084;7.0;17.0;0.9984;3.08;0.67;9.3;good
102;8.1;0.545;0.18;1.9;0.08;13.0;35.0;0.9972;3.3;0.59;9.0;good
576;9.9;0.5;0.24;2.3;0.10300000000000001;6.0;14.0;0.9978;3.34;0.52;10.0;poor
776;6.9;0.765;0.18;2.4;0.243;5.5;48.0;0.9961200000000001;3.4;0.6;10.3;good
1287;8.0;0.6;0.08;2.6;0.055999999999999994;3.0;7.0;0.9928600000000001;3.22;0.37;13.0;good
403;11.4;0.6;0.49;2.7;0.085;10.0;41.0;0.9994;3.15;0.63;10.5;good
581;12.3;0.5;0.49;2.2;0.08900000000000001;5.0;14.0;1.0002;3.19;0.44;9.6;good
36;7.8;0.6;0.14;2.4;0.086;3.0;15.0;0.9975;3.42;0.6;10.8;good
917;6.8;0.41;0.31;8.8;0.084;26.0;45.0;0.99824;3.38;0.64;10.1;good
164;7.3;0.59;0.26;7.2;0.07;35.0;121.0;0.9981;3.37;0.49;9.4;good
1512;6.4;0.79;0.04;2.2;0.061;11.0;17.0;0.9958799999999999;3.53;0.65;10.4;good
753;8.3;0.65;0.1;2.9;0.08900000000000001;17.0;40.0;0.99803;3.29;0.55;9.5;good
751;8.3;0.65;0.1;2.9;0.08900000000000001;17.0;40.0;0.99803;3.29;0.55;9.5;good
1271;7.3;0.44;0.2;1.6;0.049;24.0;64.0;0.9935;3.38;0.57;11.7;good
602;7.7;0.835;0.0;2.6;0.081;6.0;14.0;0.9975;3.3;0.52;9.3;good
1506;6.8;0.81;0.05;2.0;0.07;6.0;14.0;0.9956200000000001;3.51;0.66;10.8;good
910;9.3;0.38;0.48;3.8;0.132;3.0;11.0;0.99577;3.23;0.57;13.2;good
850;9.3;0.43;0.44;1.9;0.085;9.0;22.0;0.99708;3.28;0.55;9.5;good
586;11.1;0.31;0.49;2.7;0.094;16.0;47.0;0.9986;3.12;1.02;10.6;excellent
232;8.5;0.37;0.2;2.8;0.09;18.0;58.0;0.998;3.34;0.7;9.6;good
777;6.9;0.635;0.17;2.4;0.24100000000000002;6.0;18.0;0.9961;3.4;0.59;10.3;good
47;8.7;0.29;0.52;1.6;0.113;12.0;37.0;0.9969;3.25;0.58;9.5;good
682;8.5;0.46;0.31;2.25;0.078;32.0;58.0;0.998;3.33;0.54;9.8;good
73;8.3;0.675;0.26;2.1;0.084;11.0;43.0;0.9976;3.31;0.53;9.2;poor
887;10.7;0.52;0.38;2.6;0.066;29.0;56.0;0.99577;3.15;0.79;12.1;excellent
218;7.5;0.49;0.19;1.9;0.076;10.0;44.0;0.9957;3.39;0.54;9.7;good
1341;7.5;0.51;0.02;1.7;0.084;13.0;31.0;0.9953799999999999;3.36;0.54;10.5;good
562;9.0;0.54;0.49;2.9;0.094;41.0;110.0;0.9982;3.08;0.61;9.2;good
1320;9.7;0.66;0.34;2.6;0.094;12.0;88.0;0.9979600000000001;3.26;0.66;10.1;good
1334;7.2;0.835;0.0;2.0;0.166;4.0;11.0;0.99608;3.39;0.52;10.0;good
304;8.4;0.65;0.6;2.1;0.11199999999999999;12.0;90.0;0.9973;3.2;0.52;9.2;good
992;6.5;0.4;0.1;2.0;0.076;30.0;47.0;0.99554;3.36;0.48;9.4;good
928;8.6;0.47;0.27;2.3;0.055;14.0;28.0;0.99516;3.18;0.8;11.2;good
1037;7.3;0.91;0.1;1.8;0.07400000000000001;20.0;56.0;0.99672;3.35;0.56;9.2;good
196;7.3;0.58;0.3;2.4;0.07400000000000001;15.0;55.0;0.9968;3.46;0.59;10.2;good
775;7.2;1.0;0.0;3.0;0.102;7.0;16.0;0.9958600000000001;3.43;0.46;10.0;good
961;7.1;0.56;0.14;1.6;0.078;7.0;18.0;0.99592;3.27;0.62;9.3;good
975;7.2;0.41;0.3;2.1;0.083;35.0;72.0;0.997;3.44;0.52;9.4;good
1535;7.0;0.55;0.13;2.2;0.075;15.0;35.0;0.9959;3.36;0.59;9.7;good
732;7.3;0.835;0.03;2.1;0.092;10.0;19.0;0.9966;3.39;0.47;9.6;good
497;7.2;0.34;0.32;2.5;0.09;43.0;113.0;0.9966;3.32;0.79;11.1;good
190;8.2;0.5;0.35;2.9;0.077;21.0;127.0;0.9976;3.23;0.62;9.4;good
1300;5.2;0.645;0.0;2.15;0.08;15.0;28.0;0.99444;3.78;0.61;12.5;good
264;12.5;0.56;0.49;2.4;0.064;5.0;27.0;0.9999;3.08;0.87;10.9;good
106;7.8;0.41;0.68;1.7;0.467;18.0;69.0;0.9973;3.08;1.31;9.3;good
433;12.3;0.39;0.63;2.3;0.091;6.0;18.0;1.0004;3.16;0.49;9.5;good
1447;6.8;0.67;0.0;1.9;0.08;22.0;39.0;0.9970100000000001;3.4;0.74;9.7;good
86;8.6;0.49;0.28;1.9;0.11;20.0;136.0;0.9972;2.93;1.95;9.9;good
640;9.9;0.54;0.45;2.3;0.071;16.0;40.0;0.9991;3.39;0.62;9.4;good
871;6.9;0.56;0.03;1.5;0.086;36.0;46.0;0.9952200000000001;3.53;0.57;10.6;good
1534;6.6;0.56;0.14;2.4;0.064;13.0;29.0;0.99397;3.42;0.62;11.7;excellent
680;13.3;0.43;0.58;1.9;0.07;15.0;40.0;1.0004;3.06;0.49;9.0;good
535;9.1;0.22;0.24;2.1;0.078;1.0;28.0;0.9990000000000001;3.41;0.87;10.3;good
162;7.8;0.53;0.04;1.7;0.076;17.0;31.0;0.9964;3.33;0.56;10.0;good
622;10.0;0.58;0.22;1.9;0.08;9.0;32.0;0.9974;3.13;0.55;9.5;good
112;8.4;0.6;0.1;2.2;0.085;14.0;111.0;0.9964;3.15;0.66;9.8;good
873;9.1;0.21;0.37;1.6;0.067;6.0;10.0;0.9955200000000001;3.23;0.58;11.1;excellent
289;11.6;0.42;0.53;3.3;0.105;33.0;98.0;1.001;3.2;0.95;9.2;good
722;7.6;0.42;0.08;2.7;0.084;15.0;48.0;0.9968;3.21;0.59;10.0;good
1032;8.1;0.82;0.0;4.1;0.095;5.0;14.0;0.99854;3.36;0.53;9.6;good
1521;6.9;0.48;0.2;1.9;0.08199999999999999;9.0;23.0;0.99585;3.39;0.43;9.05;poor
1012;7.7;1.005;0.15;2.1;0.102;11.0;32.0;0.9960399999999999;3.23;0.48;10.0;good
1290;7.6;0.74;0.0;1.9;0.1;6.0;12.0;0.99521;3.36;0.59;11.0;good
254;7.1;0.6;0.0;1.8;0.07400000000000001;16.0;34.0;0.9972;3.47;0.7;9.9;good
811;12.9;0.5;0.55;2.8;0.07200000000000001;7.0;24.0;1.0001200000000001;3.09;0.68;10.9;good
820;7.0;0.685;0.0;1.9;0.099;9.0;22.0;0.9960600000000001;3.34;0.6;9.7;good
647;8.3;0.845;0.01;2.2;0.07;5.0;14.0;0.9967;3.32;0.58;11.0;poor
1318;7.5;0.63;0.27;2.0;0.083;17.0;91.0;0.99616;3.26;0.58;9.8;good
1336;6.0;0.5;0.0;1.4;0.057;15.0;26.0;0.9944799999999999;3.36;0.45;9.5;good
530;9.1;0.22;0.24;2.1;0.078;1.0;28.0;0.9990000000000001;3.41;0.87;10.3;good
12;5.6;0.615;0.0;1.6;0.08900000000000001;16.0;59.0;0.9943;3.58;0.52;9.9;good
324;10.0;0.49;0.2;11.0;0.071;13.0;50.0;1.0015;3.16;0.69;9.2;good
548;12.4;0.35;0.49;2.6;0.079;27.0;69.0;0.9994;3.12;0.75;10.4;good
934;6.6;0.61;0.01;1.9;0.08;8.0;25.0;0.99746;3.69;0.73;10.5;good
341;10.6;0.42;0.48;2.7;0.065;5.0;18.0;0.9972;3.21;0.87;11.3;good
522;8.2;0.39;0.49;2.3;0.099;47.0;133.0;0.9979;3.38;0.99;9.8;good
927;8.4;0.67;0.19;2.2;0.09300000000000001;11.0;75.0;0.99736;3.2;0.59;9.2;poor
443;10.0;0.44;0.49;2.7;0.077;11.0;19.0;0.9963;3.23;0.63;11.6;excellent
1172;9.7;0.42;0.46;2.1;0.07400000000000001;5.0;16.0;0.99649;3.27;0.74;12.3;good
168;6.8;0.63;0.07;2.1;0.08900000000000001;11.0;44.0;0.9953;3.47;0.55;10.4;good
539;11.2;0.5;0.74;5.15;0.1;5.0;17.0;0.9996;3.22;0.62;11.2;good
1011;8.9;0.32;0.31;2.0;0.08800000000000001;12.0;19.0;0.9957;3.17;0.55;10.4;good
954;7.6;0.43;0.4;2.7;0.08199999999999999;6.0;11.0;0.9953799999999999;3.44;0.54;12.2;good
1586;7.5;0.31;0.41;2.4;0.065;34.0;60.0;0.99492;3.34;0.85;11.4;good
1284;7.0;0.42;0.19;2.3;0.071;18.0;36.0;0.9947600000000001;3.39;0.56;10.9;good
579;10.6;0.31;0.49;2.2;0.063;18.0;40.0;0.9976;3.14;0.51;9.8;good
685;8.1;0.78;0.23;2.6;0.059000000000000004;5.0;15.0;0.997;3.37;0.56;11.3;good
237;7.2;0.645;0.0;1.9;0.09699999999999999;15.0;39.0;0.99675;3.37;0.58;9.2;good
1559;7.8;0.6;0.26;2.0;0.08;31.0;131.0;0.9962200000000001;3.21;0.52;9.9;good
902;7.4;0.635;0.1;2.4;0.08;16.0;33.0;0.99736;3.58;0.69;10.8;excellent
900;8.9;0.31;0.36;2.6;0.055999999999999994;10.0;39.0;0.9956200000000001;3.4;0.69;11.8;good
650;10.7;0.43;0.39;2.2;0.106;8.0;32.0;0.9986;2.89;0.5;9.6;good
1256;7.5;0.59;0.22;1.8;0.08199999999999999;43.0;60.0;0.9949899999999999;3.1;0.42;9.2;good
436;8.0;0.67;0.3;2.0;0.06;38.0;62.0;0.9958;3.26;0.56;10.2;good
834;8.8;0.685;0.26;1.6;0.08800000000000001;16.0;23.0;0.9969399999999999;3.32;0.47;9.4;good
1203;9.9;0.74;0.19;5.8;0.111;33.0;76.0;0.9987799999999999;3.14;0.55;9.4;good
298;7.2;0.65;0.02;2.3;0.094;5.0;31.0;0.9993;3.67;0.8;9.7;good
409;12.5;0.46;0.49;4.5;0.07;26.0;49.0;0.9981;3.05;0.57;9.6;poor
728;6.4;0.57;0.02;1.8;0.067;4.0;11.0;0.997;3.46;0.68;9.5;good
200;9.6;0.32;0.47;1.4;0.055999999999999994;9.0;24.0;0.99695;3.22;0.82;10.3;excellent
1286;7.1;0.16;0.44;2.5;0.068;17.0;31.0;0.9932799999999999;3.35;0.54;12.4;good
319;9.6;0.77;0.12;2.9;0.08199999999999999;30.0;74.0;0.99865;3.3;0.64;10.4;good
31;6.9;0.685;0.0;2.5;0.105;22.0;37.0;0.9966;3.46;0.57;10.6;good
802;5.1;0.585;0.0;1.7;0.044000000000000004;14.0;86.0;0.99264;3.56;0.94;12.9;excellent
439;7.0;0.62;0.18;1.5;0.062;7.0;50.0;0.9951;3.08;0.6;9.3;good
105;8.1;0.575;0.22;2.1;0.077;12.0;65.0;0.9967;3.29;0.51;9.2;good
1316;5.4;0.74;0.0;1.2;0.040999999999999995;16.0;46.0;0.9925799999999999;4.01;0.59;12.5;good
101;7.8;0.5;0.3;1.9;0.075;8.0;22.0;0.9959;3.31;0.56;10.4;good
1086;8.5;0.34;0.4;4.7;0.055;3.0;9.0;0.9973799999999999;3.38;0.66;11.6;excellent
885;8.9;0.75;0.14;2.5;0.086;9.0;30.0;0.99824;3.34;0.64;10.5;good
1146;7.8;0.5;0.12;1.8;0.17800000000000002;6.0;21.0;0.996;3.28;0.87;9.8;good
161;7.6;0.68;0.02;1.3;0.07200000000000001;9.0;20.0;0.9965;3.17;1.08;9.2;poor
344;11.9;0.57;0.5;2.6;0.08199999999999999;6.0;32.0;1.0006;3.12;0.78;10.7;good
53;8.6;0.38;0.36;3.0;0.081;30.0;119.0;0.997;3.2;0.56;9.4;good
1312;8.0;1.18;0.21;1.9;0.083;14.0;41.0;0.9953200000000001;3.34;0.47;10.5;good
784;7.1;0.59;0.01;2.5;0.077;20.0;85.0;0.99746;3.55;0.59;9.8;good
769;7.9;0.72;0.01;1.9;0.076;7.0;32.0;0.9966799999999999;3.39;0.54;9.6;good
462;11.0;0.26;0.68;2.55;0.085;10.0;25.0;0.997;3.18;0.61;11.8;good
1518;7.4;0.47;0.46;2.2;0.114;7.0;20.0;0.9964700000000001;3.32;0.63;10.5;good
364;12.8;0.615;0.66;5.8;0.083;7.0;42.0;1.0022;3.07;0.73;10.0;excellent
676;10.8;0.4;0.41;2.2;0.084;7.0;17.0;0.9984;3.08;0.67;9.3;good
421;6.6;0.84;0.03;2.3;0.059000000000000004;32.0;48.0;0.9952;3.52;0.56;12.3;excellent
578;8.8;0.47;0.49;2.9;0.085;17.0;110.0;0.9982;3.29;0.6;9.8;good
1292;5.9;0.395;0.13;2.4;0.055999999999999994;14.0;28.0;0.9936200000000001;3.62;0.67;12.4;good
1388;6.6;0.64;0.31;6.1;0.083;7.0;49.0;0.99718;3.35;0.68;10.3;good
938;7.2;0.38;0.38;2.8;0.068;23.0;42.0;0.99356;3.34;0.72;12.9;excellent
48;6.4;0.4;0.23;1.6;0.066;5.0;12.0;0.9958;3.34;0.56;9.2;good
454;7.0;0.23;0.4;1.6;0.063;21.0;67.0;0.9952;3.5;0.63;11.1;good
1381;6.8;0.83;0.09;1.8;0.07400000000000001;4.0;25.0;0.99534;3.38;0.45;9.6;good
5;7.4;0.66;0.0;1.8;0.075;13.0;40.0;0.9978;3.51;0.56;9.4;good
651;9.8;0.88;0.25;2.5;0.10400000000000001;35.0;155.0;1.001;3.41;0.67;11.2;good
840;11.1;0.42;0.47;2.65;0.085;9.0;34.0;0.99736;3.24;0.77;12.1;excellent
17;8.1;0.56;0.28;1.7;0.368;16.0;56.0;0.9968;3.11;1.28;9.3;good
778;8.3;0.43;0.3;3.4;0.079;7.0;34.0;0.9978799999999999;3.36;0.61;10.5;good
532;11.9;0.38;0.49;2.7;0.098;12.0;42.0;1.0004;3.16;0.61;10.3;good
330;10.2;0.36;0.64;2.9;0.122;10.0;41.0;0.998;3.23;0.66;12.5;good
435;12.3;0.39;0.63;2.3;0.091;6.0;18.0;1.0004;3.16;0.49;9.5;good
445;9.5;0.735;0.1;2.1;0.079;6.0;31.0;0.9986;3.23;0.56;10.1;good
1452;6.6;0.58;0.02;2.0;0.062;37.0;53.0;0.99374;3.35;0.76;11.6;excellent
841;6.6;0.66;0.0;3.0;0.115;21.0;31.0;0.99629;3.45;0.63;10.3;good
1529;7.1;0.69;0.08;2.1;0.063;42.0;52.0;0.99608;3.42;0.6;10.2;good
310;10.3;0.53;0.48;2.5;0.063;6.0;25.0;0.9998;3.12;0.59;9.3;good
486;10.2;0.67;0.39;1.9;0.054000000000000006;6.0;17.0;0.9976;3.17;0.47;10.0;good
1152;8.3;0.6;0.25;2.2;0.11800000000000001;9.0;38.0;0.99616;3.15;0.53;9.8;good
515;8.5;0.655;0.49;6.1;0.122;34.0;151.0;1.001;3.31;1.14;9.3;good
1395;8.6;0.685;0.1;1.6;0.092;3.0;12.0;0.99745;3.31;0.65;9.55;good
621;8.2;0.56;0.23;3.4;0.078;14.0;104.0;0.9976;3.28;0.62;9.4;good
1310;7.5;0.61;0.26;1.9;0.073;24.0;88.0;0.9961200000000001;3.3;0.53;9.8;good
1415;6.2;0.58;0.0;1.6;0.065;8.0;18.0;0.9966;3.56;0.84;9.4;good
1034;8.9;0.745;0.18;2.5;0.077;15.0;48.0;0.99739;3.2;0.47;9.7;good
1043;9.5;0.39;0.41;8.9;0.069;18.0;39.0;0.99859;3.29;0.81;10.9;excellent
734;7.7;0.56;0.2;2.0;0.075;9.0;39.0;0.9987;3.48;0.62;9.3;good
1436;10.0;0.38;0.38;1.6;0.16899999999999998;27.0;90.0;0.9991399999999999;3.15;0.65;8.5;good
201;8.8;0.37;0.48;2.1;0.09699999999999999;39.0;145.0;0.9975;3.04;1.03;9.3;good
747;8.6;0.33;0.4;2.6;0.083;16.0;68.0;0.99782;3.3;0.48;9.4;good
54;7.6;0.51;0.15;2.8;0.11;33.0;73.0;0.9955;3.17;0.63;10.2;good
1133;7.2;0.48;0.07;5.5;0.08900000000000001;10.0;18.0;0.99684;3.37;0.68;11.2;excellent
1209;6.2;0.39;0.43;2.0;0.071;14.0;24.0;0.9942799999999999;3.45;0.87;11.2;excellent
205;12.8;0.3;0.74;2.6;0.095;9.0;28.0;0.9994;3.2;0.77;10.8;excellent
1171;7.1;0.59;0.0;2.2;0.078;26.0;44.0;0.9952200000000001;3.42;0.68;10.8;good
1068;11.1;0.31;0.53;2.2;0.06;3.0;10.0;0.99572;3.02;0.83;10.9;excellent
245;7.3;0.66;0.0;2.0;0.084;6.0;23.0;0.9983;3.61;0.96;9.9;good
1560;7.8;0.6;0.26;2.0;0.08;31.0;131.0;0.9962200000000001;3.21;0.52;9.9;good
343;10.9;0.39;0.47;1.8;0.11800000000000001;6.0;14.0;0.9982;3.3;0.75;9.8;good
1001;9.9;0.35;0.38;1.5;0.057999999999999996;31.0;47.0;0.9967600000000001;3.26;0.82;10.6;excellent
72;7.7;0.69;0.22;1.9;0.084;18.0;94.0;0.9961;3.31;0.48;9.5;good
829;5.9;0.61;0.08;2.1;0.071;16.0;24.0;0.9937600000000001;3.56;0.77;11.1;good
1184;6.7;0.64;0.23;2.1;0.08;11.0;119.0;0.9953799999999999;3.36;0.7;10.9;good
1217;8.2;0.34;0.37;1.9;0.057;43.0;74.0;0.99408;3.23;0.81;12.0;good
346;6.6;0.815;0.02;2.7;0.07200000000000001;17.0;34.0;0.9955;3.58;0.89;12.3;excellent
1105;6.3;0.57;0.28;2.1;0.048;13.0;49.0;0.99374;3.41;0.6;12.8;good
484;10.6;0.44;0.68;4.1;0.114;6.0;24.0;0.997;3.06;0.66;13.4;good
1006;9.1;0.29;0.33;2.05;0.063;13.0;27.0;0.99516;3.26;0.84;11.7;excellent
1553;7.3;0.735;0.0;2.2;0.08;18.0;28.0;0.99765;3.41;0.6;9.4;good
179;8.8;0.61;0.14;2.4;0.067;10.0;42.0;0.9969;3.19;0.59;9.5;good
690;7.4;1.185;0.0;4.25;0.09699999999999999;5.0;14.0;0.9966;3.63;0.54;10.7;poor
417;7.0;0.58;0.12;1.9;0.091;34.0;124.0;0.9956;3.44;0.48;10.5;good
823;6.7;0.54;0.13;2.0;0.076;15.0;36.0;0.9973;3.61;0.64;9.8;good
817;10.8;0.29;0.42;1.6;0.084;19.0;27.0;0.99545;3.28;0.73;11.9;good
558;10.9;0.53;0.49;4.6;0.11800000000000001;10.0;17.0;1.0002;3.07;0.56;11.7;good
648;8.7;0.48;0.3;2.8;0.066;10.0;28.0;0.9964;3.33;0.67;11.2;excellent
688;7.7;0.66;0.04;1.6;0.039;4.0;9.0;0.9962;3.4;0.47;9.4;good
565;12.7;0.6;0.49;2.8;0.075;5.0;19.0;0.9994;3.14;0.57;11.4;good
664;12.1;0.4;0.52;2.0;0.092;15.0;54.0;1.0;3.03;0.66;10.2;good
173;7.4;0.62;0.05;1.9;0.068;24.0;42.0;0.9961;3.42;0.57;11.5;good
431;7.8;0.55;0.35;2.2;0.07400000000000001;21.0;66.0;0.9974;3.25;0.56;9.2;good
1494;6.4;0.31;0.09;1.4;0.066;15.0;28.0;0.99459;3.42;0.7;10.0;excellent
654;8.6;0.47;0.47;2.4;0.07400000000000001;7.0;29.0;0.9979;3.08;0.46;9.5;good
227;9.0;0.82;0.14;2.6;0.08900000000000001;9.0;23.0;0.9984;3.39;0.63;9.8;good
1479;8.2;0.28;0.6;3.0;0.10400000000000001;10.0;22.0;0.99828;3.39;0.68;10.6;good
219;7.8;0.53;0.33;2.4;0.08;24.0;144.0;0.99655;3.3;0.6;9.5;good
1417;7.3;0.34;0.33;2.5;0.064;21.0;37.0;0.9952;3.35;0.77;12.1;excellent
1252;7.1;0.72;0.0;1.8;0.12300000000000001;6.0;14.0;0.9962700000000001;3.45;0.58;9.8;good
1124;6.5;0.58;0.0;2.2;0.096;3.0;13.0;0.9955700000000001;3.62;0.62;11.5;poor
1283;8.7;0.63;0.28;2.7;0.096;17.0;69.0;0.99734;3.26;0.63;10.2;good
967;8.5;0.66;0.2;2.1;0.09699999999999999;23.0;113.0;0.9973299999999999;3.13;0.48;9.2;good
587;7.3;0.73;0.24;1.9;0.10800000000000001;18.0;102.0;0.9967;3.26;0.59;9.3;good
1208;7.2;0.36;0.46;2.1;0.07400000000000001;24.0;44.0;0.99534;3.4;0.85;11.0;excellent
683;8.1;0.78;0.23;2.6;0.059000000000000004;5.0;15.0;0.997;3.37;0.56;11.3;good
1392;7.1;0.62;0.06;1.3;0.07;5.0;12.0;0.9942;3.17;0.48;9.8;good
1321;5.0;0.74;0.0;1.2;0.040999999999999995;16.0;46.0;0.9925799999999999;4.01;0.59;12.5;good
1370;8.7;0.78;0.51;1.7;0.415;12.0;66.0;0.99623;3.0;1.17;9.2;good
1035;10.1;0.37;0.34;2.4;0.085;5.0;17.0;0.9968299999999999;3.17;0.65;10.6;excellent
306;7.6;0.62;0.32;2.2;0.08199999999999999;7.0;54.0;0.9966;3.36;0.52;9.4;good
792;7.1;0.61;0.02;2.5;0.081;17.0;87.0;0.99745;3.48;0.6;9.7;good
125;9.0;0.62;0.04;1.9;0.146;27.0;90.0;0.9984;3.16;0.7;9.4;good
1383;8.0;0.6;0.22;2.1;0.08;25.0;105.0;0.99613;3.3;0.49;9.9;good
1590;6.3;0.55;0.15;1.8;0.077;26.0;35.0;0.9931399999999999;3.32;0.82;11.6;good
332;8.0;0.58;0.28;3.2;0.066;21.0;114.0;0.9973;3.22;0.54;9.4;good
656;10.7;0.43;0.39;2.2;0.106;8.0;32.0;0.9986;2.89;0.5;9.6;good
138;7.8;0.56;0.19;2.1;0.081;15.0;105.0;0.9962;3.33;0.54;9.5;good
1260;8.6;0.635;0.68;1.8;0.40299999999999997;19.0;56.0;0.9963200000000001;3.02;1.15;9.3;good
806;8.4;0.25;0.39;2.0;0.040999999999999995;4.0;10.0;0.9938600000000001;3.27;0.71;12.5;excellent
7;7.3;0.65;0.0;1.2;0.065;15.0;21.0;0.9946;3.39;0.47;10.0;excellent
960;8.5;0.47;0.27;1.9;0.057999999999999996;18.0;38.0;0.99518;3.16;0.85;11.1;good
1061;9.1;0.4;0.5;1.8;0.071;7.0;16.0;0.9946200000000001;3.21;0.69;12.5;excellent
459;11.6;0.58;0.66;2.2;0.07400000000000001;10.0;47.0;1.0008;3.25;0.57;9.0;poor
901;7.4;0.635;0.1;2.4;0.08;16.0;33.0;0.99736;3.58;0.69;10.8;excellent
818;7.1;0.715;0.0;2.35;0.071;21.0;47.0;0.9963200000000001;3.29;0.45;9.4;good
987;7.1;0.36;0.3;1.6;0.08;35.0;70.0;0.9969299999999999;3.44;0.5;9.4;good
15;8.9;0.62;0.19;3.9;0.17;51.0;148.0;0.9986;3.17;0.93;9.2;good
1054;8.2;0.64;0.27;2.0;0.095;5.0;77.0;0.9974700000000001;3.13;0.62;9.1;good
146;5.8;0.68;0.02;1.8;0.087;21.0;94.0;0.9944;3.54;0.52;10.0;good
1143;7.0;0.22;0.3;1.8;0.065;16.0;20.0;0.99672;3.61;0.82;10.0;good
501;10.4;0.44;0.73;6.55;0.07400000000000001;38.0;76.0;0.9990000000000001;3.17;0.85;12.0;excellent
1359;11.6;0.475;0.4;1.4;0.091;6.0;28.0;0.9970399999999999;3.07;0.65;10.0333333333333;good
956;9.0;0.36;0.52;2.1;0.111;5.0;10.0;0.9956799999999999;3.31;0.62;11.3;good
1278;8.0;0.715;0.22;2.3;0.075;13.0;81.0;0.9968799999999999;3.24;0.54;9.5;good
1293;7.5;0.755;0.0;1.9;0.084;6.0;12.0;0.99672;3.34;0.49;9.7;poor
464;11.5;0.315;0.54;2.1;0.084;5.0;15.0;0.9987;2.98;0.7;9.2;good
176;7.3;0.38;0.21;2.0;0.08;7.0;35.0;0.9961;3.33;0.47;9.5;good
711;8.9;0.565;0.34;3.0;0.09300000000000001;16.0;112.0;0.9998;3.38;0.61;9.5;good
82;7.4;0.5;0.47;2.0;0.086;21.0;73.0;0.997;3.36;0.57;9.1;good
1187;7.0;0.43;0.3;2.0;0.085;6.0;39.0;0.99346;3.33;0.46;11.9;good
862;7.5;0.42;0.32;2.7;0.067;7.0;25.0;0.9962799999999999;3.24;0.44;10.4;good
720;8.4;0.56;0.04;2.0;0.08199999999999999;10.0;22.0;0.9976;3.22;0.44;9.6;good
1462;6.8;0.64;0.03;2.3;0.075;14.0;31.0;0.99545;3.36;0.58;10.4;good
1374;6.8;0.815;0.0;1.2;0.267;16.0;29.0;0.99471;3.32;0.51;9.8;poor
1511;7.1;0.69;0.04;2.1;0.068;19.0;27.0;0.9971200000000001;3.44;0.67;9.8;good
135;8.4;0.745;0.11;1.9;0.09;16.0;63.0;0.9965;3.19;0.82;9.6;good
1069;8.0;0.62;0.35;2.8;0.086;28.0;52.0;0.997;3.31;0.62;10.8;good
1473;6.1;0.6;0.08;1.8;0.071;14.0;45.0;0.99336;3.38;0.54;11.0;good
716;8.0;0.43;0.36;2.3;0.075;10.0;48.0;0.9976;3.34;0.46;9.4;good
1007;9.1;0.3;0.34;2.0;0.064;12.0;25.0;0.99516;3.26;0.84;11.7;excellent
543;11.2;0.66;0.24;2.5;0.085;16.0;53.0;0.9993;3.06;0.72;11.0;good
604;8.3;0.58;0.13;2.9;0.096;14.0;63.0;0.9984;3.17;0.62;9.1;good
185;8.9;0.31;0.57;2.0;0.111;26.0;85.0;0.9971;3.26;0.53;9.7;good
1595;5.9;0.55;0.1;2.2;0.062;39.0;51.0;0.9951200000000001;3.52;0.76;11.2;good
741;9.2;0.53;0.24;2.6;0.078;28.0;139.0;0.9978799999999999;3.21;0.57;9.5;good
51;6.6;0.52;0.04;2.2;0.069;8.0;15.0;0.9956;3.4;0.63;9.4;good
513;10.5;0.51;0.64;2.4;0.107;6.0;15.0;0.9973;3.09;0.66;11.8;excellent
988;7.7;0.39;0.12;1.7;0.09699999999999999;19.0;27.0;0.9959600000000001;3.16;0.49;9.4;good
1302;9.1;0.37;0.32;2.1;0.064;4.0;15.0;0.9957600000000001;3.3;0.8;11.2;good
603;13.2;0.46;0.52;2.2;0.071;12.0;35.0;1.0006;3.1;0.56;9.0;good
202;6.8;0.5;0.11;1.5;0.075;16.0;49.0;0.99545;3.36;0.79;9.5;good
267;7.9;0.35;0.46;3.6;0.078;15.0;37.0;0.9973;3.35;0.86;12.8;excellent
131;5.6;0.5;0.09;2.3;0.049;17.0;99.0;0.9937;3.63;0.63;13.0;good
1587;5.8;0.61;0.11;1.8;0.066;18.0;28.0;0.9948299999999999;3.55;0.66;10.9;good
1307;6.8;0.68;0.09;3.9;0.068;15.0;29.0;0.99524;3.41;0.52;11.1;poor
798;9.4;0.5;0.34;3.6;0.08199999999999999;5.0;14.0;0.9987;3.29;0.52;10.7;good
939;6.2;0.46;0.17;1.6;0.073;7.0;11.0;0.99425;3.61;0.54;11.4;good
81;7.8;0.43;0.7;1.9;0.46399999999999997;22.0;67.0;0.9974;3.13;1.28;9.4;good
1053;8.3;0.33;0.42;2.3;0.07;9.0;20.0;0.99426;3.38;0.77;12.7;excellent
764;9.1;0.68;0.11;2.8;0.09300000000000001;11.0;44.0;0.9988799999999999;3.31;0.55;9.5;good
1213;9.6;0.38;0.42;1.9;0.071;5.0;13.0;0.99659;3.15;0.75;10.5;good
220;7.8;0.34;0.37;2.0;0.08199999999999999;24.0;58.0;0.9964;3.34;0.59;9.4;good
61;7.7;0.69;0.49;1.8;0.115;20.0;112.0;0.9968;3.21;0.71;9.3;good
109;8.1;0.785;0.52;2.0;0.122;37.0;153.0;0.9969;3.21;0.69;9.3;good
1275;8.0;0.715;0.22;2.3;0.075;13.0;81.0;0.9968799999999999;3.24;0.54;9.5;good
1571;6.4;0.38;0.14;2.2;0.038;15.0;25.0;0.9951399999999999;3.44;0.65;11.1;good
1372;8.7;0.78;0.51;1.7;0.415;12.0;66.0;0.99623;3.0;1.17;9.2;good
1154;6.6;0.58;0.0;2.2;0.1;50.0;63.0;0.99544;3.59;0.68;11.4;good
1597;5.9;0.645;0.12;2.0;0.075;32.0;44.0;0.9954700000000001;3.57;0.71;10.2;good
605;8.3;0.6;0.13;2.6;0.085;6.0;24.0;0.9984;3.31;0.59;9.2;good
166;6.8;0.64;0.1;2.1;0.085;18.0;101.0;0.9956;3.34;0.52;10.2;good
1565;6.7;0.67;0.02;1.9;0.061;26.0;42.0;0.9948899999999999;3.39;0.82;10.9;good
473;9.9;0.35;0.55;2.1;0.062;5.0;14.0;0.9971;3.26;0.79;10.6;good
286;12.0;0.45;0.55;2.0;0.073;25.0;49.0;0.9997;3.1;0.76;10.3;good
424;7.7;0.96;0.2;2.0;0.047;15.0;60.0;0.9955;3.36;0.44;10.9;good
1524;6.0;0.42;0.19;2.0;0.075;22.0;47.0;0.9952200000000001;3.39;0.78;10.0;good
315;7.1;0.35;0.29;2.5;0.096;20.0;53.0;0.9962;3.42;0.65;11.0;good
243;15.0;0.21;0.44;2.2;0.075;10.0;24.0;1.00005;3.07;0.84;9.2;excellent
216;8.7;0.625;0.16;2.0;0.10099999999999999;13.0;49.0;0.9962;3.14;0.57;11.0;good
2;7.8;0.76;0.04;2.3;0.092;15.0;54.0;0.997;3.26;0.65;9.8;good
154;7.1;0.43;0.42;5.5;0.07;29.0;129.0;0.9973;3.42;0.72;10.5;good
314;7.4;0.36;0.29;2.6;0.087;26.0;72.0;0.99645;3.39;0.68;11.0;good
804;8.4;0.52;0.22;2.7;0.084;4.0;18.0;0.99682;3.26;0.57;9.9;good
1389;6.7;0.48;0.02;2.2;0.08;36.0;111.0;0.99524;3.1;0.53;9.7;good
599;12.7;0.59;0.45;2.3;0.08199999999999999;11.0;22.0;1.0;3.0;0.7;9.3;good
226;8.9;0.59;0.5;2.0;0.337;27.0;81.0;0.9964;3.04;1.61;9.5;good
1246;7.4;0.74;0.07;1.7;0.086;15.0;48.0;0.9950200000000001;3.12;0.48;10.0;good
132;5.6;0.5;0.09;2.3;0.049;17.0;99.0;0.9937;3.63;0.63;13.0;good
1333;9.1;0.775;0.22;2.2;0.079;12.0;48.0;0.9976;3.18;0.51;9.6;good
1295;6.6;0.63;0.0;4.3;0.09300000000000001;51.0;77.5;0.9955799999999999;3.2;0.45;9.5;good
958;6.4;0.57;0.12;2.3;0.12;25.0;36.0;0.99519;3.47;0.71;11.3;excellent
944;8.3;0.3;0.49;3.8;0.09;11.0;24.0;0.99498;3.27;0.64;12.1;excellent
390;5.6;0.85;0.05;1.4;0.045;12.0;88.0;0.9924;3.56;0.82;12.9;excellent
1202;8.6;0.42;0.39;1.8;0.068;6.0;12.0;0.99516;3.35;0.69;11.7;excellent
1369;6.6;0.61;0.0;1.6;0.069;4.0;8.0;0.9939600000000001;3.33;0.37;10.4;poor
4;7.4;0.7;0.0;1.9;0.076;11.0;34.0;0.9978;3.51;0.56;9.4;good
1096;6.6;0.725;0.09;5.5;0.11699999999999999;9.0;17.0;0.99655;3.35;0.49;10.8;good
974;8.8;0.33;0.41;5.9;0.073;7.0;13.0;0.9965799999999999;3.3;0.62;12.1;excellent
665;9.4;0.59;0.14;2.0;0.084;25.0;48.0;0.9981;3.14;0.56;9.7;good
1084;7.2;0.38;0.3;1.8;0.073;31.0;70.0;0.99685;3.42;0.59;9.5;good
993;7.1;0.34;0.28;2.0;0.08199999999999999;31.0;68.0;0.9969399999999999;3.45;0.48;9.4;good
813;6.9;0.39;0.24;2.1;0.102;4.0;7.0;0.9946200000000001;3.44;0.58;11.4;poor
493;8.7;0.69;0.31;3.0;0.086;23.0;81.0;1.0002;3.48;0.74;11.6;good
1226;7.5;0.58;0.03;4.1;0.08;27.0;46.0;0.99592;3.02;0.47;9.2;good
693;9.0;0.48;0.32;2.8;0.084;21.0;122.0;0.9984;3.32;0.62;9.4;good
1371;7.5;0.58;0.56;3.1;0.153;5.0;14.0;0.9947600000000001;3.21;1.03;11.6;good
970;10.4;0.26;0.48;1.9;0.066;6.0;10.0;0.99724;3.33;0.87;10.9;good
55;7.7;0.62;0.04;3.8;0.084;25.0;45.0;0.9978;3.34;0.53;9.5;good
351;9.1;0.795;0.0;2.6;0.096;11.0;26.0;0.9994;3.35;0.83;9.4;good
1552;6.3;0.68;0.01;3.7;0.10300000000000001;32.0;54.0;0.9958600000000001;3.51;0.66;11.3;good
541;9.5;0.46;0.49;6.3;0.064;5.0;17.0;0.9988;3.21;0.73;11.0;good
935;8.8;0.3;0.38;2.3;0.06;19.0;72.0;0.9954299999999999;3.39;0.72;11.8;good
1041;6.9;0.49;0.19;1.7;0.079;13.0;26.0;0.9954700000000001;3.38;0.64;9.8;good
1022;7.0;0.51;0.09;2.1;0.062;4.0;9.0;0.99584;3.35;0.54;10.5;good
386;7.8;0.54;0.26;2.0;0.08800000000000001;23.0;48.0;0.9981;3.41;0.74;9.2;good
1346;6.1;0.59;0.01;2.1;0.055999999999999994;5.0;13.0;0.99472;3.52;0.56;11.4;good
281;7.7;0.27;0.68;3.5;0.358;5.0;10.0;0.9972;3.25;1.08;9.9;excellent
140;8.4;0.745;0.11;1.9;0.09;16.0;63.0;0.9965;3.19;0.82;9.6;good
773;7.9;0.4;0.29;1.8;0.157;1.0;44.0;0.9973;3.3;0.92;9.5;good
691;9.2;0.92;0.24;2.6;0.087;12.0;93.0;0.9998;3.48;0.54;9.8;good
627;8.8;0.6;0.29;2.2;0.098;5.0;15.0;0.9988;3.36;0.49;9.1;good
141;8.3;0.715;0.15;1.8;0.08900000000000001;10.0;52.0;0.9968;3.23;0.77;9.5;good
1239;6.5;0.67;0.0;4.3;0.057;11.0;20.0;0.9948799999999999;3.45;0.56;11.8;poor
1215;8.8;0.27;0.46;2.1;0.095;20.0;29.0;0.9948799999999999;3.26;0.56;11.3;good
366;12.8;0.615;0.66;5.8;0.083;7.0;42.0;1.0022;3.07;0.73;10.0;excellent
89;7.0;0.62;0.08;1.8;0.076;8.0;24.0;0.9978;3.48;0.53;9.0;good
638;7.7;0.915;0.12;2.2;0.14300000000000002;7.0;23.0;0.9964;3.35;0.65;10.2;excellent
1561;7.8;0.6;0.26;2.0;0.08;31.0;131.0;0.9962200000000001;3.21;0.52;9.9;good
866;6.8;0.49;0.22;2.3;0.071;13.0;24.0;0.9943799999999999;3.41;0.83;11.3;good
1075;9.1;0.25;0.34;2.0;0.071;45.0;67.0;0.99769;3.44;0.86;10.2;excellent
517;10.4;0.61;0.49;2.1;0.2;5.0;16.0;0.9994;3.16;0.63;8.4;poor
875;8.8;0.31;0.4;2.8;0.109;7.0;16.0;0.9961399999999999;3.31;0.79;11.8;excellent
677;8.6;0.8;0.11;2.3;0.084;12.0;31.0;0.9979;3.4;0.48;9.9;good
521;7.6;0.41;0.49;2.0;0.08800000000000001;16.0;43.0;0.998;3.48;0.64;9.1;good
1193;6.4;0.885;0.0;2.3;0.166;6.0;12.0;0.99551;3.56;0.51;10.8;good
588;5.0;0.42;0.24;2.0;0.06;19.0;50.0;0.9917;3.72;0.74;14.0;excellent
1073;8.0;0.62;0.33;2.7;0.08800000000000001;16.0;37.0;0.9972;3.31;0.58;10.7;good
189;7.9;0.49;0.32;1.9;0.08199999999999999;17.0;144.0;0.9968;3.2;0.55;9.5;good
1089;11.6;0.41;0.54;1.5;0.095;22.0;41.0;0.99735;3.02;0.76;9.9;excellent
382;8.3;0.26;0.42;2.0;0.08;11.0;27.0;0.9974;3.21;0.8;9.4;good
1222;8.1;0.53;0.22;2.2;0.078;33.0;89.0;0.9967799999999999;3.26;0.46;9.6;good
1556;6.6;0.88;0.04;2.2;0.066;12.0;20.0;0.99636;3.53;0.56;9.9;good
246;7.1;0.68;0.07;1.9;0.075;16.0;51.0;0.99685;3.38;0.52;9.5;good
982;7.3;0.52;0.32;2.1;0.07;51.0;70.0;0.99418;3.34;0.82;12.9;good
1160;10.6;0.36;0.57;2.3;0.087;6.0;20.0;0.9967600000000001;3.14;0.72;11.1;excellent
1198;7.7;0.26;0.26;2.0;0.052000000000000005;19.0;77.0;0.9951;3.15;0.79;10.9;good
1225;9.2;0.46;0.23;2.6;0.091;18.0;77.0;0.9992200000000001;3.15;0.51;9.4;good
713;8.0;0.43;0.36;2.3;0.075;10.0;48.0;0.9976;3.34;0.46;9.4;good
136;8.3;0.715;0.15;1.8;0.08900000000000001;10.0;52.0;0.9968;3.23;0.77;9.5;good
312;9.0;0.46;0.31;2.8;0.09300000000000001;19.0;98.0;0.99815;3.32;0.63;9.5;good
505;10.2;0.49;0.63;2.9;0.07200000000000001;10.0;26.0;0.9968;3.16;0.78;12.5;excellent
79;8.3;0.625;0.2;1.5;0.08;27.0;119.0;0.9972;3.16;1.12;9.1;poor
772;9.5;0.57;0.27;2.3;0.08199999999999999;23.0;144.0;0.99782;3.27;0.55;9.4;good
172;8.0;0.42;0.17;2.0;0.073;6.0;18.0;0.9972;3.29;0.61;9.2;good
1050;7.1;0.43;0.17;1.8;0.08199999999999999;27.0;51.0;0.99634;3.49;0.64;10.4;good
467;8.8;0.46;0.45;2.6;0.065;7.0;18.0;0.9947;3.32;0.79;14.0;good
1598;6.0;0.31;0.47;3.6;0.067;18.0;42.0;0.99549;3.39;0.66;11.0;good
151;9.2;0.52;1.0;3.4;0.61;32.0;69.0;0.9996;2.74;2.0;9.4;poor
1350;9.0;0.6;0.29;2.0;0.069;32.0;73.0;0.99654;3.34;0.57;10.0;good
1066;6.6;0.52;0.08;2.4;0.07;13.0;26.0;0.9935799999999999;3.4;0.72;12.5;excellent
943;9.8;0.5;0.34;2.3;0.094;10.0;45.0;0.99864;3.24;0.6;9.7;excellent
1234;7.1;0.75;0.01;2.2;0.059000000000000004;11.0;18.0;0.9924200000000001;3.39;0.4;12.8;good
614;9.2;0.755;0.18;2.2;0.14800000000000002;10.0;103.0;0.9969;2.87;1.36;10.2;good
507;11.2;0.67;0.55;2.3;0.084;6.0;13.0;1.0;3.17;0.71;9.5;good
670;6.9;0.4;0.24;2.5;0.083;30.0;45.0;0.9959;3.26;0.58;10.0;good
1581;6.2;0.56;0.09;1.7;0.053;24.0;32.0;0.9940200000000001;3.54;0.6;11.3;good
474;10.5;0.28;0.51;1.7;0.08;10.0;24.0;0.9982;3.2;0.89;9.4;good
273;8.4;0.715;0.2;2.4;0.076;10.0;38.0;0.99735;3.31;0.64;9.4;good
450;11.9;0.39;0.69;2.8;0.095;17.0;35.0;0.9994;3.1;0.61;10.8;good
437;11.1;0.45;0.73;3.2;0.066;6.0;22.0;0.9986;3.17;0.66;11.2;good
738;9.0;0.46;0.23;2.8;0.092;28.0;104.0;0.9983;3.1;0.56;9.2;good
1148;7.8;0.39;0.42;2.0;0.086;9.0;21.0;0.99526;3.39;0.66;11.6;good
1142;6.9;0.45;0.11;2.4;0.043;6.0;12.0;0.99354;3.3;0.65;11.4;good
1052;5.6;0.605;0.05;2.4;0.073;19.0;25.0;0.9925799999999999;3.56;0.55;12.9;good
444;5.3;0.57;0.01;1.7;0.054000000000000006;5.0;27.0;0.9934;3.57;0.84;12.5;excellent
1385;8.0;0.81;0.25;3.4;0.076;34.0;85.0;0.9966799999999999;3.19;0.42;9.2;good
52;6.6;0.5;0.04;2.1;0.068;6.0;14.0;0.9955;3.39;0.64;9.4;good
440;12.6;0.31;0.72;2.2;0.07200000000000001;6.0;29.0;0.9987;2.88;0.82;9.8;excellent
1044;6.4;0.39;0.33;3.3;0.046;12.0;53.0;0.9929399999999999;3.36;0.62;12.2;good
488;11.6;0.32;0.55;2.8;0.081;35.0;67.0;1.0002;3.32;0.92;10.8;excellent
309;7.4;0.29;0.38;1.7;0.062;9.0;30.0;0.9968;3.41;0.53;9.5;good
121;8.8;0.55;0.04;2.2;0.11900000000000001;14.0;56.0;0.9962;3.21;0.6;10.9;good
320;9.8;0.66;0.39;3.2;0.083;21.0;59.0;0.9989;3.37;0.71;11.5;excellent
282;7.6;0.52;0.12;3.0;0.067;12.0;53.0;0.9971;3.36;0.57;9.1;good
95;4.7;0.6;0.17;2.3;0.057999999999999996;17.0;106.0;0.9932;3.85;0.6;12.9;good
827;7.1;0.46;0.14;2.8;0.076;15.0;37.0;0.99624;3.36;0.49;10.7;good
1425;8.3;0.26;0.37;1.4;0.076;8.0;23.0;0.9974;3.26;0.7;9.6;good
378;11.4;0.625;0.66;6.2;0.08800000000000001;6.0;24.0;0.9988;3.11;0.99;13.3;good
1448;6.9;0.58;0.01;1.9;0.08;40.0;54.0;0.9968299999999999;3.4;0.73;9.7;good
613;8.2;0.39;0.38;1.5;0.057999999999999996;10.0;29.0;0.9962;3.26;0.74;9.8;good
1489;6.2;0.57;0.1;2.1;0.048;4.0;11.0;0.9944799999999999;3.44;0.76;10.8;good
757;8.1;0.87;0.0;2.2;0.084;10.0;31.0;0.99656;3.25;0.5;9.8;good
1540;6.2;0.52;0.08;4.4;0.071;11.0;32.0;0.99646;3.56;0.63;11.6;good
76;8.8;0.41;0.64;2.2;0.09300000000000001;9.0;42.0;0.9986;3.54;0.66;10.5;good
821;4.9;0.42;0.0;2.1;0.048;16.0;42.0;0.99154;3.71;0.74;14.0;excellent
175;6.9;0.5;0.04;1.5;0.085;19.0;49.0;0.9958;3.35;0.78;9.5;good
300;7.5;0.53;0.06;2.6;0.086;20.0;44.0;0.9965;3.38;0.59;10.7;good
363;12.5;0.46;0.63;2.0;0.071;6.0;15.0;0.9988;2.99;0.87;10.2;good
1145;8.2;0.2;0.43;2.5;0.076;31.0;51.0;0.99672;3.53;0.81;10.4;good
795;10.8;0.89;0.3;2.6;0.132;7.0;60.0;0.9978600000000001;2.99;1.18;10.2;good
22;7.9;0.43;0.21;1.6;0.106;10.0;37.0;0.9966;3.17;0.91;9.5;good
1074;7.5;0.77;0.2;8.1;0.098;30.0;92.0;0.99892;3.2;0.58;9.2;good
287;7.5;0.4;0.12;3.0;0.092;29.0;53.0;0.9967;3.37;0.7;10.3;good
940;9.6;0.33;0.52;2.2;0.07400000000000001;13.0;25.0;0.9950899999999999;3.36;0.76;12.4;excellent
118;8.8;0.55;0.04;2.2;0.11900000000000001;14.0;56.0;0.9962;3.21;0.6;10.9;good
953;10.2;0.34;0.48;2.1;0.052000000000000005;5.0;9.0;0.9945799999999999;3.2;0.69;12.1;excellent
94;5.0;1.02;0.04;1.4;0.045;41.0;85.0;0.9938;3.75;0.48;10.5;poor
1204;7.2;0.36;0.46;2.1;0.07400000000000001;24.0;44.0;0.99534;3.4;0.85;11.0;excellent
582;11.7;0.49;0.49;2.2;0.083;5.0;15.0;1.0;3.19;0.43;9.2;good
1413;9.9;0.57;0.25;2.0;0.10400000000000001;12.0;89.0;0.9963;3.04;0.9;10.1;good
1009;9.6;0.5;0.36;2.8;0.11599999999999999;26.0;55.0;0.9972200000000001;3.18;0.68;10.9;good
1299;7.6;1.58;0.0;2.1;0.13699999999999998;5.0;9.0;0.9947600000000001;3.5;0.4;10.9;poor
1564;7.2;0.695;0.13;2.0;0.076;12.0;20.0;0.99546;3.29;0.54;10.1;good
617;11.5;0.31;0.51;2.2;0.079;14.0;28.0;0.9982;3.03;0.93;9.8;good
265;11.8;0.26;0.52;1.8;0.071;6.0;10.0;0.9968;3.2;0.72;10.2;excellent
544;14.3;0.31;0.74;1.8;0.075;6.0;15.0;1.0008;2.86;0.79;8.4;good
1094;6.6;0.725;0.09;5.5;0.11699999999999999;9.0;17.0;0.99655;3.35;0.49;10.8;good
461;8.3;0.615;0.22;2.6;0.087;6.0;19.0;0.9982;3.26;0.61;9.3;good
1487;6.0;0.64;0.05;1.9;0.066;9.0;17.0;0.9949600000000001;3.52;0.78;10.6;good
326;11.6;0.53;0.66;3.65;0.121;6.0;14.0;0.9978;3.05;0.74;11.5;excellent
1109;10.8;0.47;0.43;2.1;0.171;27.0;66.0;0.9982;3.17;0.76;10.8;good
331;10.2;0.36;0.64;2.9;0.122;10.0;41.0;0.998;3.23;0.66;12.5;good
1527;7.1;0.53;0.07;1.7;0.071;15.0;24.0;0.9951;3.29;0.66;10.8;good
1363;8.0;0.83;0.27;2.0;0.08;11.0;63.0;0.9965200000000001;3.29;0.48;9.8;poor
458;10.4;0.33;0.63;2.8;0.084;5.0;22.0;0.9998;3.26;0.74;11.2;excellent
1119;5.6;0.66;0.0;2.5;0.066;7.0;15.0;0.99256;3.52;0.58;12.9;good
1218;8.2;0.4;0.31;1.9;0.08199999999999999;8.0;24.0;0.996;3.24;0.69;10.6;good
760;9.0;0.58;0.25;2.8;0.075;9.0;104.0;0.99779;3.23;0.57;9.7;good
591;6.6;0.39;0.49;1.7;0.07;23.0;149.0;0.9922;3.12;0.5;11.5;good
1120;7.9;0.54;0.34;2.5;0.076;8.0;17.0;0.99235;3.2;0.72;13.1;excellent
1092;7.0;0.54;0.09;2.0;0.081;10.0;16.0;0.99479;3.43;0.59;11.5;good
1151;6.1;0.58;0.23;2.5;0.044000000000000004;16.0;70.0;0.9935200000000001;3.46;0.65;12.5;good
1584;6.7;0.32;0.44;2.4;0.061;24.0;34.0;0.99484;3.29;0.8;11.6;excellent
1024;7.7;0.58;0.01;1.8;0.08800000000000001;12.0;18.0;0.9956799999999999;3.32;0.56;10.5;excellent
708;7.8;0.545;0.12;2.5;0.068;11.0;35.0;0.996;3.34;0.61;11.6;good
724;7.5;1.115;0.1;3.1;0.086;5.0;12.0;0.9958;3.54;0.6;11.2;poor
697;7.0;0.65;0.02;2.1;0.066;8.0;25.0;0.9972;3.47;0.67;9.5;good
703;7.5;0.38;0.48;2.6;0.073;22.0;84.0;0.9972;3.32;0.7;9.6;poor
997;5.6;0.66;0.0;2.2;0.087;3.0;11.0;0.9937799999999999;3.71;0.63;12.8;excellent
889;10.7;0.9;0.34;6.6;0.11199999999999999;23.0;99.0;1.00289;3.22;0.68;9.3;good
531;11.9;0.38;0.49;2.7;0.098;12.0;42.0;1.0004;3.16;0.61;10.3;good
1394;6.4;0.57;0.14;3.9;0.07;27.0;73.0;0.99669;3.32;0.48;9.2;good
1058;9.9;0.53;0.57;2.4;0.09300000000000001;30.0;52.0;0.9971;3.19;0.76;11.6;excellent
652;15.9;0.36;0.65;7.5;0.096;22.0;71.0;0.9976;2.98;0.84;14.9;good
1544;8.4;0.37;0.43;2.3;0.063;12.0;19.0;0.9955;3.17;0.81;11.2;excellent
1101;7.4;0.49;0.27;2.1;0.071;14.0;25.0;0.9938799999999999;3.35;0.63;12.0;good
1484;6.8;0.91;0.06;2.0;0.06;4.0;11.0;0.99592;3.53;0.64;10.9;poor
333;8.4;0.56;0.08;2.1;0.105;16.0;44.0;0.9958;3.13;0.52;11.0;good
489;9.3;0.39;0.4;2.6;0.073;10.0;26.0;0.9984;3.34;0.75;10.2;good
171;8.0;0.42;0.17;2.0;0.073;6.0;18.0;0.9972;3.29;0.61;9.2;good
619;11.3;0.37;0.41;2.3;0.08800000000000001;6.0;16.0;0.9988;3.09;0.8;9.3;good
607;8.8;0.48;0.41;3.3;0.092;26.0;52.0;0.9982;3.31;0.53;10.5;good
1230;7.7;0.18;0.34;2.7;0.066;15.0;58.0;0.9947;3.37;0.78;11.8;good
700;10.6;1.02;0.43;2.9;0.076;26.0;88.0;0.9984;3.08;0.57;10.1;good
396;6.6;0.735;0.02;7.9;0.122;68.0;124.0;0.9994;3.47;0.53;9.9;good
635;8.7;0.84;0.0;1.4;0.065;24.0;33.0;0.9954;3.27;0.55;9.7;good
1227;9.0;0.58;0.25;2.0;0.10400000000000001;8.0;21.0;0.99769;3.27;0.72;9.6;good
551;9.4;0.43;0.24;2.8;0.092;14.0;45.0;0.998;3.19;0.73;10.0;good
414;8.8;0.52;0.34;2.7;0.087;24.0;122.0;0.9982;3.26;0.61;9.5;good
807;8.2;0.28;0.4;2.4;0.052000000000000005;4.0;10.0;0.99356;3.33;0.7;12.8;excellent
1002;9.1;0.29;0.33;2.05;0.063;13.0;27.0;0.99516;3.26;0.84;11.7;excellent
1366;7.3;0.74;0.08;1.7;0.094;10.0;45.0;0.9957600000000001;3.24;0.5;9.8;good
1279;9.8;0.3;0.39;1.7;0.062;3.0;9.0;0.9948;3.14;0.57;11.5;excellent
1039;8.9;0.5;0.21;2.2;0.08800000000000001;21.0;39.0;0.99692;3.33;0.83;11.1;good
1386;7.4;0.64;0.07;1.8;0.1;8.0;23.0;0.9961;3.3;0.58;9.6;good
181;8.9;0.61;0.49;2.0;0.27;23.0;110.0;0.9972;3.12;1.02;9.3;good
1102;6.1;0.48;0.09;1.7;0.078;18.0;30.0;0.9940200000000001;3.45;0.54;11.2;good
1163;9.0;0.785;0.24;1.7;0.078;10.0;21.0;0.99692;3.29;0.67;10.0;good
526;7.3;0.365;0.49;2.5;0.08800000000000001;39.0;106.0;0.9966;3.36;0.78;11.0;good
420;9.5;0.56;0.33;2.4;0.08900000000000001;35.0;67.0;0.9972;3.28;0.73;11.8;excellent
972;10.1;0.38;0.5;2.4;0.10400000000000001;6.0;13.0;0.9964299999999999;3.22;0.65;11.6;excellent
260;7.9;0.33;0.23;1.7;0.077;18.0;45.0;0.99625;3.29;0.65;9.3;good
186;7.4;0.39;0.48;2.0;0.08199999999999999;14.0;67.0;0.9972;3.34;0.55;9.2;good
570;11.5;0.35;0.49;3.3;0.07;10.0;37.0;1.0003;3.32;0.91;11.0;good
568;9.8;0.5;0.49;2.6;0.25;5.0;20.0;0.9990000000000001;3.31;0.79;10.7;good
739;9.0;0.69;0.0;2.4;0.08800000000000001;19.0;38.0;0.9990000000000001;3.35;0.6;9.3;good
1117;7.0;0.69;0.07;2.5;0.091;15.0;21.0;0.99572;3.38;0.6;11.3;good
108;8.0;0.33;0.53;2.5;0.091;18.0;80.0;0.9976;3.37;0.8;9.6;good
742;6.5;0.615;0.0;1.9;0.065;9.0;18.0;0.9972;3.46;0.65;9.2;good
1025;8.6;0.83;0.0;2.8;0.095;17.0;43.0;0.9982200000000001;3.33;0.6;10.4;good
877;7.7;0.715;0.01;2.1;0.064;31.0;43.0;0.99371;3.41;0.57;11.8;good
384;7.7;0.51;0.28;2.1;0.087;23.0;54.0;0.998;3.42;0.74;9.2;good
269;11.5;0.18;0.51;4.0;0.10400000000000001;4.0;23.0;0.9996;3.28;0.97;10.1;good
1427;7.6;0.41;0.33;2.5;0.078;6.0;23.0;0.9957;3.3;0.58;11.2;good
428;9.1;0.52;0.33;1.3;0.07;9.0;30.0;0.9978;3.24;0.6;9.3;good
963;8.8;0.27;0.39;2.0;0.1;20.0;27.0;0.99546;3.15;0.69;11.2;good
1509;7.9;0.18;0.4;1.8;0.062;7.0;20.0;0.9941;3.28;0.7;11.1;good
906;7.2;0.54;0.27;2.6;0.084;12.0;78.0;0.9964;3.39;0.71;11.0;good
1329;7.4;0.6;0.26;2.1;0.083;17.0;91.0;0.99616;3.29;0.56;9.8;good
1454;11.7;0.45;0.63;2.2;0.073;7.0;23.0;0.99974;3.21;0.69;10.9;good
669;11.3;0.34;0.45;2.0;0.08199999999999999;6.0;15.0;0.9988;2.94;0.66;9.2;good
825;7.1;0.46;0.14;2.8;0.076;15.0;37.0;0.99624;3.36;0.49;10.7;good
828;7.8;0.57;0.09;2.3;0.065;34.0;45.0;0.9941700000000001;3.46;0.74;12.7;excellent
1165;8.5;0.44;0.5;1.9;0.369;15.0;38.0;0.99634;3.01;1.1;9.4;good
655;9.7;0.55;0.17;2.9;0.087;20.0;53.0;1.0004;3.14;0.61;9.4;good
1106;8.2;0.23;0.42;1.9;0.069;9.0;17.0;0.9937600000000001;3.21;0.54;12.3;good
279;8.9;0.4;0.32;5.6;0.087;10.0;47.0;0.9991;3.38;0.77;10.5;excellent
971;10.4;0.26;0.48;1.9;0.066;6.0;10.0;0.99724;3.33;0.87;10.9;good
365;10.0;0.42;0.5;3.4;0.107;7.0;21.0;0.9979;3.26;0.93;11.8;good
634;7.9;0.35;0.21;1.9;0.073;46.0;102.0;0.9964;3.27;0.58;9.5;good
897;7.1;0.59;0.01;2.3;0.08;27.0;43.0;0.9955;3.42;0.58;10.7;good
1000;7.5;0.43;0.3;2.2;0.062;6.0;12.0;0.99495;3.44;0.72;11.5;excellent
1206;7.2;0.36;0.46;2.1;0.07400000000000001;24.0;44.0;0.99534;3.4;0.85;11.0;excellent
129;6.1;0.38;0.15;1.8;0.07200000000000001;6.0;19.0;0.9955;3.42;0.57;9.4;good
199;6.9;1.09;0.06;2.1;0.061;12.0;31.0;0.9948;3.51;0.43;11.4;poor
1091;7.9;0.34;0.42;2.0;0.086;8.0;19.0;0.99546;3.35;0.6;11.4;good
187;7.7;0.705;0.1;2.6;0.084;9.0;26.0;0.9976;3.39;0.49;9.7;good
949;8.9;0.12;0.45;1.8;0.075;10.0;21.0;0.9955200000000001;3.41;0.76;11.9;excellent
292;10.4;0.55;0.23;2.7;0.091;18.0;48.0;0.9994;3.22;0.64;10.3;good
75;8.8;0.41;0.64;2.2;0.09300000000000001;9.0;42.0;0.9986;3.54;0.66;10.5;good
1030;7.1;0.59;0.0;2.1;0.091;9.0;14.0;0.9948799999999999;3.42;0.55;11.5;excellent
659;7.1;0.84;0.02;4.4;0.096;5.0;13.0;0.997;3.41;0.57;11.0;poor
1331;7.8;0.87;0.26;3.8;0.107;31.0;67.0;0.9966799999999999;3.26;0.46;9.2;good
1575;7.5;0.52;0.4;2.2;0.06;12.0;20.0;0.99474;3.26;0.64;11.8;good
16;8.5;0.28;0.56;1.8;0.092;35.0;103.0;0.9969;3.3;0.75;10.5;excellent
195;7.8;0.59;0.33;2.0;0.07400000000000001;24.0;120.0;0.9968;3.25;0.54;9.4;good
107;6.2;0.63;0.31;1.7;0.08800000000000001;15.0;64.0;0.9969;3.46;0.79;9.3;good
347;13.8;0.49;0.67;3.0;0.09300000000000001;6.0;15.0;0.9986;3.02;0.93;12.0;good
1547;6.3;0.6;0.1;1.6;0.048;12.0;26.0;0.99306;3.55;0.51;12.1;good
800;7.2;0.61;0.08;4.0;0.08199999999999999;26.0;108.0;0.99641;3.25;0.51;9.4;good
375;11.5;0.54;0.71;4.4;0.124;6.0;15.0;0.9984;3.01;0.83;11.8;excellent
550;6.8;0.51;0.01;2.1;0.07400000000000001;9.0;25.0;0.9958;3.33;0.56;9.5;good
442;15.6;0.685;0.76;3.7;0.1;6.0;43.0;1.0032;2.95;0.68;11.2;excellent
1537;5.4;0.58;0.08;1.9;0.059000000000000004;20.0;31.0;0.99484;3.5;0.64;10.2;good
426;6.4;0.67;0.08;2.1;0.045;19.0;48.0;0.9949;3.49;0.49;11.4;good
188;7.9;0.5;0.33;2.0;0.084;15.0;143.0;0.9968;3.2;0.55;9.5;good
553;5.0;1.04;0.24;1.6;0.05;32.0;96.0;0.9934;3.74;0.62;11.5;good
755;7.8;0.91;0.07;1.9;0.057999999999999996;22.0;47.0;0.99525;3.51;0.43;10.7;good
1339;7.5;0.51;0.02;1.7;0.084;13.0;31.0;0.9953799999999999;3.36;0.54;10.5;good
406;9.8;0.44;0.47;2.5;0.063;9.0;28.0;0.9981;3.24;0.65;10.8;good
328;13.4;0.27;0.62;2.6;0.08199999999999999;6.0;21.0;1.0002;3.16;0.67;9.7;good
250;10.8;0.32;0.44;1.6;0.063;16.0;37.0;0.9985;3.22;0.78;10.0;good
457;9.2;0.63;0.21;2.7;0.09699999999999999;29.0;65.0;0.9988;3.28;0.58;9.6;good
1046;7.6;0.78;0.0;1.7;0.076;33.0;45.0;0.9961200000000001;3.31;0.62;10.7;good
1176;6.5;0.88;0.03;5.6;0.079;23.0;47.0;0.99572;3.58;0.5;11.2;poor
1211;6.6;0.44;0.15;2.1;0.076;22.0;53.0;0.9957;3.32;0.62;9.3;good
985;7.4;0.58;0.0;2.0;0.064;7.0;11.0;0.9956200000000001;3.45;0.58;11.3;good
779;7.1;0.52;0.03;2.6;0.076;21.0;92.0;0.99745;3.5;0.6;9.8;good
294;13.3;0.34;0.52;3.2;0.094;17.0;53.0;1.0014;3.05;0.81;9.5;good
630;8.7;0.54;0.26;2.5;0.09699999999999999;7.0;31.0;0.9976;3.27;0.6;9.3;good
143;6.3;0.39;0.08;1.7;0.066;3.0;20.0;0.9954;3.34;0.58;9.4;good
1062;8.0;0.38;0.44;1.9;0.098;6.0;15.0;0.9956;3.3;0.64;11.4;good
731;8.9;0.875;0.13;3.45;0.08800000000000001;4.0;14.0;0.9994;3.44;0.52;11.5;good
1267;10.4;0.43;0.5;2.3;0.068;13.0;19.0;0.996;3.1;0.87;11.4;good
1420;7.8;0.53;0.01;1.6;0.077;3.0;19.0;0.995;3.16;0.46;9.8;good
1262;9.8;0.45;0.38;2.5;0.081;34.0;66.0;0.99726;3.15;0.58;9.8;good
955;8.5;0.21;0.52;1.9;0.09;9.0;23.0;0.9964799999999999;3.36;0.67;10.4;good
1539;7.2;0.39;0.32;1.8;0.065;34.0;60.0;0.9971399999999999;3.46;0.78;9.9;good
567;8.7;0.7;0.24;2.5;0.226;5.0;15.0;0.9991;3.32;0.6;9.0;good
1469;7.3;0.98;0.05;2.1;0.061;20.0;49.0;0.99705;3.31;0.55;9.7;poor
1361;8.3;0.85;0.14;2.5;0.09300000000000001;13.0;54.0;0.99724;3.36;0.54;10.1;good
204;7.0;0.43;0.36;1.6;0.08900000000000001;14.0;37.0;0.99615;3.34;0.56;9.2;good
1431;7.6;0.43;0.31;2.1;0.069;13.0;74.0;0.9958;3.26;0.54;9.9;good
208;7.8;0.44;0.28;2.7;0.1;18.0;95.0;0.9966;3.22;0.67;9.4;good
896;8.3;0.31;0.39;2.4;0.078;17.0;43.0;0.99444;3.31;0.77;12.5;excellent
976;7.2;0.41;0.3;2.1;0.083;35.0;72.0;0.997;3.44;0.52;9.4;good
197;11.5;0.3;0.6;2.0;0.067;12.0;27.0;0.9981;3.11;0.97;10.1;good
142;5.2;0.34;0.0;1.8;0.05;27.0;63.0;0.9916;3.68;0.79;14.0;good
1583;6.2;0.46;0.29;2.1;0.07400000000000001;32.0;98.0;0.9957799999999999;3.33;0.62;9.8;good
725;9.0;0.66;0.17;3.0;0.077;5.0;13.0;0.9976;3.29;0.55;10.4;good
1337;6.0;0.5;0.0;1.4;0.057;15.0;26.0;0.9944799999999999;3.36;0.45;9.5;good
1474;9.9;0.5;0.5;13.8;0.205;48.0;82.0;1.00242;3.16;0.75;8.8;good
482;10.6;0.36;0.59;2.2;0.152;6.0;18.0;0.9986;3.04;1.05;9.4;good
660;7.2;0.52;0.07;1.4;0.07400000000000001;5.0;20.0;0.9973;3.32;0.81;9.6;good
10;6.7;0.58;0.08;1.8;0.09699999999999999;15.0;65.0;0.9959;3.28;0.54;9.2;good
456;8.9;0.59;0.39;2.3;0.095;5.0;22.0;0.9986;3.37;0.58;10.3;good
193;7.6;0.55;0.21;2.2;0.071;7.0;28.0;0.9964;3.28;0.55;9.7;good
1026;7.9;0.31;0.32;1.9;0.066;14.0;36.0;0.99364;3.41;0.56;12.6;good
1410;6.6;0.96;0.0;1.8;0.08199999999999999;5.0;16.0;0.9936;3.5;0.44;11.9;good
842;10.6;0.5;0.45;2.6;0.11900000000000001;34.0;68.0;0.99708;3.23;0.72;10.9;good
1483;8.1;0.33;0.44;1.5;0.042;6.0;12.0;0.9954200000000001;3.35;0.61;10.7;good
398;11.5;0.59;0.59;2.6;0.087;13.0;49.0;0.9988;3.18;0.65;11.0;good
504;10.5;0.24;0.42;1.8;0.077;6.0;22.0;0.9976;3.21;1.05;10.8;excellent
305;10.3;0.53;0.48;2.5;0.063;6.0;25.0;0.9998;3.12;0.59;9.3;good
667;11.3;0.34;0.45;2.0;0.08199999999999999;6.0;15.0;0.9988;2.94;0.66;9.2;good
618;11.4;0.46;0.5;2.7;0.122;4.0;17.0;1.0006;3.13;0.7;10.2;good
257;6.6;0.695;0.0;2.1;0.075;12.0;56.0;0.9968;3.49;0.67;9.2;good
1055;8.2;0.64;0.27;2.0;0.095;5.0;77.0;0.9974700000000001;3.13;0.62;9.1;good
1139;8.2;0.51;0.24;2.0;0.079;16.0;86.0;0.99764;3.34;0.64;9.5;good
536;9.9;0.63;0.24;2.4;0.077;6.0;33.0;0.9974;3.09;0.57;9.4;good
998;8.9;0.84;0.34;1.4;0.05;4.0;10.0;0.99554;3.12;0.48;9.1;good
994;10.0;0.35;0.45;2.5;0.092;20.0;88.0;0.99918;3.15;0.43;9.4;good
1258;6.8;0.64;0.0;2.7;0.12300000000000001;15.0;33.0;0.9953799999999999;3.44;0.63;11.3;good
714;9.9;0.74;0.28;2.6;0.078;21.0;77.0;0.998;3.28;0.51;9.8;good
1530;6.6;0.44;0.09;2.2;0.063;9.0;18.0;0.99444;3.42;0.69;11.3;good
1128;10.0;0.43;0.33;2.7;0.095;28.0;89.0;0.9984;3.22;0.68;10.0;good
629;7.6;0.685;0.23;2.3;0.111;20.0;84.0;0.9964;3.21;0.61;9.3;good
1127;6.3;0.76;0.0;2.9;0.07200000000000001;26.0;52.0;0.99379;3.51;0.6;11.5;good
1496;7.7;0.54;0.26;1.9;0.08900000000000001;23.0;147.0;0.99636;3.26;0.59;9.7;good
675;9.3;0.41;0.39;2.2;0.064;12.0;31.0;0.9984;3.26;0.65;10.2;good
1247;7.4;0.55;0.19;1.8;0.08199999999999999;15.0;34.0;0.99655;3.49;0.68;10.5;good
1465;6.8;0.59;0.1;1.7;0.063;34.0;53.0;0.9958;3.41;0.67;9.7;good
662;7.2;0.57;0.06;1.6;0.076;9.0;27.0;0.9972;3.36;0.7;9.6;good
124;7.8;0.5;0.17;1.6;0.08199999999999999;21.0;102.0;0.996;3.39;0.48;9.5;good
1464;6.8;0.59;0.1;1.7;0.063;34.0;53.0;0.9958;3.41;0.67;9.7;good
379;8.3;0.42;0.38;2.5;0.094;24.0;60.0;0.9979;3.31;0.7;10.8;good
981;9.5;0.86;0.26;1.9;0.079;13.0;28.0;0.9971200000000001;3.25;0.62;10.0;good
11;7.5;0.5;0.36;6.1;0.071;17.0;102.0;0.9978;3.35;0.8;10.5;good
1065;7.7;0.61;0.18;2.4;0.083;6.0;20.0;0.9963;3.29;0.6;10.2;good
385;7.4;0.63;0.07;2.4;0.09;11.0;37.0;0.9979;3.43;0.76;9.7;good
835;7.6;0.665;0.1;1.5;0.066;27.0;55.0;0.99655;3.39;0.51;9.3;good
1098;8.0;0.31;0.45;2.1;0.21600000000000003;5.0;16.0;0.9935799999999999;3.15;0.81;12.5;excellent
812;10.8;0.45;0.33;2.5;0.099;20.0;38.0;0.99818;3.24;0.71;10.8;good
925;8.6;0.22;0.36;1.9;0.064;53.0;77.0;0.9960399999999999;3.47;0.87;11.0;excellent
415;8.6;0.725;0.24;6.6;0.11699999999999999;31.0;134.0;1.0014;3.32;1.07;9.3;good
890;7.2;0.34;0.24;2.0;0.071;30.0;52.0;0.9957600000000001;3.44;0.58;10.1;good
1545;6.5;0.63;0.33;1.8;0.059000000000000004;16.0;28.0;0.99531;3.36;0.64;10.1;good
395;12.0;0.37;0.76;4.2;0.066;7.0;38.0;1.0004;3.22;0.6;13.0;excellent
1403;7.2;0.33;0.33;1.7;0.061;3.0;13.0;0.996;3.23;1.1;10.0;excellent
931;7.4;0.61;0.01;2.0;0.07400000000000001;13.0;38.0;0.9974799999999999;3.48;0.65;9.8;good
376;11.5;0.45;0.5;3.0;0.078;19.0;47.0;1.0003;3.26;1.11;11.0;good
1380;7.5;0.57;0.02;2.6;0.077;11.0;35.0;0.9955700000000001;3.36;0.62;10.8;good
1199;7.9;0.58;0.23;2.3;0.076;23.0;94.0;0.9968600000000001;3.21;0.58;9.5;good
995;7.7;0.6;0.06;2.0;0.079;19.0;41.0;0.99697;3.39;0.62;10.1;good
1412;8.2;0.24;0.34;5.1;0.062;8.0;22.0;0.9974;3.22;0.94;10.9;good
291;11.0;0.2;0.48;2.0;0.34299999999999997;6.0;18.0;0.9979;3.3;0.71;10.5;good
542;9.3;0.715;0.24;2.1;0.07;5.0;20.0;0.9966;3.12;0.59;9.9;good
1031;7.3;0.55;0.01;1.8;0.09300000000000001;9.0;15.0;0.9951399999999999;3.35;0.58;11.0;excellent
506;10.4;0.24;0.46;1.8;0.075;6.0;21.0;0.9976;3.25;1.02;10.8;excellent
668;10.0;0.73;0.43;2.3;0.059000000000000004;15.0;31.0;0.9966;3.15;0.57;11.0;good
1377;5.2;0.49;0.26;2.3;0.09;23.0;74.0;0.9953;3.71;0.62;12.2;good
88;9.3;0.39;0.44;2.1;0.107;34.0;125.0;0.9978;3.14;1.22;9.5;good
678;8.3;0.78;0.1;2.6;0.081;45.0;87.0;0.9983;3.48;0.53;10.0;good
233;6.9;0.52;0.25;2.6;0.081;10.0;37.0;0.99685;3.46;0.5;11.0;good
837;6.7;0.28;0.28;2.4;0.012;36.0;100.0;0.99064;3.26;0.39;11.7;excellent
163;7.4;0.6;0.26;7.3;0.07;36.0;121.0;0.9982;3.37;0.49;9.4;good
904;6.8;0.59;0.06;6.0;0.06;11.0;18.0;0.9962;3.41;0.59;10.8;excellent
592;9.0;0.45;0.49;2.6;0.084;21.0;75.0;0.9987;3.35;0.57;9.7;good
1185;7.0;0.43;0.3;2.0;0.085;6.0;39.0;0.99346;3.33;0.46;11.9;good
1480;5.6;0.62;0.03;1.5;0.08;6.0;13.0;0.99498;3.66;0.62;10.1;poor
283;8.9;0.4;0.32;5.6;0.087;10.0;47.0;0.9991;3.38;0.77;10.5;excellent
1010;8.9;0.28;0.45;1.7;0.067;7.0;12.0;0.99354;3.25;0.55;12.3;excellent
1507;7.5;0.38;0.57;2.3;0.106;5.0;12.0;0.99605;3.36;0.55;11.4;good
165;7.8;0.63;0.48;1.7;0.1;14.0;96.0;0.9961;3.19;0.62;9.5;good
20;8.9;0.22;0.48;1.8;0.077;29.0;60.0;0.9968;3.39;0.53;9.4;good
794;10.1;0.27;0.54;2.3;0.065;7.0;26.0;0.99531;3.17;0.53;12.5;good
1028;7.2;0.34;0.21;2.5;0.075;41.0;68.0;0.9958600000000001;3.37;0.54;10.1;good
649;6.7;0.42;0.27;8.6;0.068;24.0;148.0;0.9948;3.16;0.57;11.3;good
472;12.5;0.37;0.55;2.6;0.083;25.0;68.0;0.9995;3.15;0.82;10.4;good
1500;7.5;0.725;0.04;1.5;0.076;8.0;15.0;0.99508;3.26;0.53;9.6;good
1475;5.3;0.47;0.11;2.2;0.048;16.0;89.0;0.99182;3.54;0.88;13.566666666666698;excellent
986;9.8;0.34;0.39;1.4;0.066;3.0;7.0;0.9947;3.19;0.55;11.4;excellent
770;7.1;0.59;0.02;2.3;0.08199999999999999;24.0;94.0;0.99744;3.55;0.53;9.7;good
1249;7.1;0.6;0.01;2.3;0.079;24.0;37.0;0.9951399999999999;3.4;0.61;10.9;good
1182;10.2;0.4;0.4;2.5;0.068;41.0;54.0;0.99754;3.38;0.86;10.5;good
577;8.8;0.44;0.49;2.8;0.083;18.0;111.0;0.9982;3.3;0.6;9.5;good
924;8.6;0.47;0.27;2.3;0.055;14.0;28.0;0.99516;3.18;0.8;11.2;good
980;9.1;0.5;0.3;1.9;0.065;8.0;17.0;0.99774;3.32;0.71;10.5;good
919;8.4;0.62;0.12;1.8;0.07200000000000001;38.0;46.0;0.9950399999999999;3.38;0.89;11.8;good
752;7.6;0.54;0.13;2.5;0.09699999999999999;24.0;66.0;0.99785;3.39;0.61;9.4;good
922;8.4;0.62;0.12;1.8;0.07200000000000001;38.0;46.0;0.9950399999999999;3.38;0.89;11.8;good
272;10.9;0.37;0.58;4.0;0.071;17.0;65.0;0.99935;3.22;0.78;10.1;good
1008;8.9;0.35;0.4;3.6;0.11;12.0;24.0;0.99549;3.23;0.7;12.0;excellent
852;8.0;0.42;0.32;2.5;0.08;26.0;122.0;0.9980100000000001;3.22;1.07;9.7;good
327;10.3;0.44;0.5;4.5;0.107;5.0;13.0;0.998;3.28;0.83;11.5;good
63;7.0;0.735;0.05;2.0;0.081;13.0;54.0;0.9966;3.39;0.57;9.8;good
1090;10.0;0.26;0.54;1.9;0.083;42.0;74.0;0.99451;2.98;0.63;11.8;excellent
225;7.7;0.43;0.25;2.6;0.073;29.0;63.0;0.99615;3.37;0.58;10.5;good
1122;6.3;0.47;0.0;1.4;0.055;27.0;33.0;0.9922;3.45;0.48;12.3;good
180;8.8;0.61;0.14;2.4;0.067;10.0;42.0;0.9969;3.19;0.59;9.5;good
1390;6.0;0.49;0.0;2.3;0.068;15.0;33.0;0.99292;3.58;0.59;12.5;good
1422;7.0;0.54;0.0;2.1;0.079;39.0;55.0;0.9956;3.39;0.84;11.4;good
620;8.3;0.54;0.24;3.4;0.076;16.0;112.0;0.9976;3.27;0.61;9.4;good
679;10.8;0.26;0.45;3.3;0.06;20.0;49.0;0.9972;3.13;0.54;9.6;good
1397;7.3;0.59;0.26;2.0;0.08;17.0;104.0;0.99584;3.28;0.52;9.9;good
1221;10.9;0.32;0.52;1.8;0.132;17.0;44.0;0.99734;3.28;0.77;11.5;good
918;8.4;0.36;0.32;2.2;0.081;32.0;79.0;0.9964;3.3;0.72;11.0;good
478;9.6;0.68;0.24;2.2;0.087;5.0;28.0;0.9988;3.14;0.6;10.2;good
1330;7.4;0.6;0.26;2.1;0.083;17.0;91.0;0.99616;3.29;0.56;9.8;good
761;9.3;0.655;0.26;2.0;0.096;5.0;35.0;0.9973799999999999;3.25;0.42;9.6;good
117;7.8;0.56;0.12;2.0;0.08199999999999999;7.0;28.0;0.997;3.37;0.5;9.4;good
853;9.3;0.36;0.39;1.5;0.08;41.0;55.0;0.9965200000000001;3.47;0.73;10.9;good
1083;8.7;0.42;0.45;2.4;0.07200000000000001;32.0;59.0;0.9961700000000001;3.33;0.77;12.0;good
268;6.9;0.54;0.04;3.0;0.077;7.0;27.0;0.9987;3.69;0.91;9.4;good
909;7.3;0.305;0.39;1.2;0.059000000000000004;7.0;11.0;0.99331;3.29;0.52;11.5;good
1582;6.1;0.715;0.1;2.6;0.053;13.0;27.0;0.9936200000000001;3.57;0.5;11.9;good
657;12.0;0.5;0.59;1.4;0.073;23.0;42.0;0.998;2.92;0.68;10.5;excellent
1503;6.2;0.44;0.39;2.5;0.077;6.0;14.0;0.99555;3.51;0.69;11.0;good
689;8.1;0.38;0.48;1.8;0.157;5.0;17.0;0.9976;3.3;1.05;9.4;good
894;7.2;0.63;0.03;2.2;0.08;17.0;88.0;0.99745;3.53;0.58;9.8;good
1080;10.3;0.27;0.56;1.4;0.047;3.0;8.0;0.99471;3.16;0.51;11.8;good
1453;7.6;0.49;0.33;1.9;0.07400000000000001;27.0;85.0;0.9970600000000001;3.41;0.58;9.0;good
460;9.2;0.43;0.52;2.3;0.083;14.0;23.0;0.9976;3.35;0.61;11.3;good
1523;6.8;0.48;0.25;2.0;0.076;29.0;61.0;0.9953;3.34;0.6;10.4;good
487;10.2;0.645;0.36;1.8;0.053;5.0;14.0;0.9982;3.17;0.42;10.0;good
721;8.9;0.48;0.24;2.85;0.094;35.0;106.0;0.9982;3.1;0.53;9.2;good
1131;5.9;0.19;0.21;1.7;0.045;57.0;135.0;0.99341;3.32;0.44;9.5;good
1038;8.7;0.41;0.41;6.2;0.078;25.0;42.0;0.9953;3.24;0.77;12.6;excellent
704;9.1;0.765;0.04;1.6;0.078;4.0;14.0;0.998;3.29;0.54;9.7;poor
1235;6.0;0.33;0.32;12.9;0.054000000000000006;6.0;113.0;0.99572;3.3;0.56;11.5;poor
1501;7.8;0.82;0.29;4.3;0.083;21.0;64.0;0.9964200000000001;3.16;0.53;9.4;good
156;7.1;0.43;0.42;5.5;0.07;29.0;129.0;0.9973;3.42;0.72;10.5;good
1457;7.6;0.49;0.33;1.9;0.07400000000000001;27.0;85.0;0.9970600000000001;3.41;0.58;9.0;good
836;6.7;0.28;0.28;2.4;0.012;36.0;100.0;0.99064;3.26;0.39;11.7;excellent
1522;6.1;0.32;0.25;2.3;0.071;23.0;58.0;0.9963299999999999;3.42;0.97;10.6;good
1268;6.9;0.41;0.31;2.0;0.079;21.0;51.0;0.9966799999999999;3.47;0.55;9.5;good
1573;6.0;0.58;0.2;2.4;0.075;15.0;50.0;0.99467;3.58;0.67;12.5;good
616;9.6;0.6;0.5;2.3;0.079;28.0;71.0;0.9997;3.5;0.57;9.7;good
1296;6.6;0.63;0.0;4.3;0.09300000000000001;51.0;77.5;0.9955799999999999;3.2;0.45;9.5;good
1259;6.8;0.64;0.0;2.7;0.12300000000000001;15.0;33.0;0.9953799999999999;3.44;0.63;11.3;good
583;12.0;0.28;0.49;1.9;0.07400000000000001;10.0;21.0;0.9976;2.98;0.66;9.9;excellent
1493;7.7;0.54;0.26;1.9;0.08900000000000001;23.0;147.0;0.99636;3.26;0.59;9.7;good
214;7.8;0.735;0.08;2.4;0.092;10.0;41.0;0.9974;3.24;0.71;9.8;good
334;7.9;0.65;0.01;2.5;0.078;17.0;38.0;0.9963;3.34;0.74;11.7;excellent
